<?xml version="1.0" encoding="UTF-8" standalone="yes"?>
<root>
<name>ambient()</name>

<category>Lights, Camera</category>

<subcategory>Material Properties</subcategory>

<type></type>

<example>
<image>ambient_.png</image>
<code><![CDATA[
size(100, 100, P3D);
background(0);
noStroke();
directionalLight(153, 153, 153, .5, 0, -1);
ambientLight(153, 102, 0);
ambient(51, 26, 0);
translate(70, 50, 0);
sphere(30);
]]></code>
</example>

<description><![CDATA[
Sets the ambient reflectance for shapes drawn to the screen. This is combined with the ambient light component of environment. The color components set through the parameters define the reflectance. For example in the default color mode, setting v1=255, v2=127, v3=0, would cause all the red light to reflect and half of the green light to reflect. Used in combination with <b>emissive()</b>, <b>specular()</b>, and <b>shininess()</b> in setting the material properties of shapes.
]]></description>

</root>
