<?xml version="1.0" encoding="UTF-8" standalone="yes"?>
<root>

<name>ArrayList</name>

<category>Data</category>

<subcategory>Composite</subcategory>

<usage>Web &amp; Application</usage>

<example>
<image></image>
<code><![CDATA[
// These are code fragments that show how to use an ArrayList.
// They won't compile because they assume the existence of a Particle class.

// Declaring the ArrayList, note the use of the syntax "&lt;Particle&gt;" to indicate
// our intention to fill this ArrayList with Particle objects
ArrayList&lt;Particle&gt; particles = new ArrayList&lt;Particle&gt;();

// Objects can be added to an ArrayList with add()
particles.add(new Particle());

// Particles can be pulled out of an ArrayList with get()
Particle part = particles.get(0);
part.display();

// The size() method returns the current number of items in the list
int total = particles.size();
println("The total number of particles is: " + total);

// You can iterate over an ArrayList in two ways.
// The first is by counting through the elements:
for (int i = 0; i < particles.size(); i++) {
  Particle part = particles.get(i);
  part.display();
}

// The second is using an enhanced loop:
for (Particle part : particles) {
  part.display();
}

// You can delete particles from an ArrayList with remove()
particles.remove(0);
println(particles.size()); // Now one less!

// If you are modifying an ArrayList during the loop,
// then you cannot use the enhanced loop syntax.
// In addition, when deleting in order to hit all elements, 
// you should loop through it backwards, as shown here:
for (int i = particles.size() - 1; i >= 0; i--) {
  Particle part = particles.get(i);
  if (part.finished()) {
    particles.remove(i);
  }
}
]]></code>
</example>

<description><![CDATA[
An <b>ArrayList</b> stores a variable number of objects. This is similar to making an array of objects, but with an <b>ArrayList</b>, items can be easily added and removed from the ArrayList and it is resized dynamically. This can be very convenient, but it's slower than making an array of objects when using many elements.  Note that for resizable lists of integers, floats, and Strings, you can use the Processing classes IntList, FloatList, and StringList.<br />
<br />
An ArrayList is a resizable-array implementation of the Java List interface. It has many methods used to control and search its contents. For example, the length of the <b>ArrayList</b> is returned by its <b>size()</b> method, which is an integer value for the total number of elements in the list. An element is added to an <b>ArrayList</b> with the <b>add()</b> method and is deleted with the <b>remove()</b> method. The <b>get()</b> method returns the element at the specified position in the list. (See the above example for context.)<br />
<br />
For a list of the numerous <b>ArrayList</b> features, please read the <a href="http://download.oracle.com/javase/1,5.0/docs/api/java/util/ArrayList.html">Java reference description</a>.
]]></description>

<syntax></syntax>

<constructor>
ArrayList&amp;lt;Type&amp;gt;()
ArrayList&amp;lt;Type&amp;gt;(<c>initialCapacity</c>)
</constructor>

<parameter>
<label>Type</label>
<description>Class Name: the data type for the objects to be placed in the ArrayList.</description>
</parameter>

<parameter>
<label>initialCapacity</label>
<description>int: defines the initial capacity of the list; it's empty by default</description>
</parameter>

<returns></returns>

<related>
IntList
FloatList
StringList
</related>

<availability>1.0</availability>

<type>Object</type>

<partof>PDE</partof>

<level>Extended</level>



</root>
