<?xml version="1.0" encoding="UTF-8" standalone="yes"?>
<root>
<name>asin()</name>

<category>Math</category>

<subcategory>Trigonometry</subcategory>

<type></type>

<example>
<image></image>
<code><![CDATA[
float a = PI/3;
float s = sin(a);
float as = asin(s);
// Prints "1.0471976 : 0.86602545 : 1.0471976"
println(a + " : " + s + " : " +  as);
]]></code>
</example>

<example>
<image></image>
<code><![CDATA[
float a = PI + PI/3.0;
float s = sin(a);
float as = asin(s);
// Prints "4.1887903 : -0.86602545 : -1.0471976"
println(a + " : " + s + " : " +  as);
]]></code>
</example>

<description><![CDATA[
The inverse of <b>sin()</b>, returns the arc sine of a value. This function expects the values in the range of -1 to 1 and values are returned in the range <b>-PI/2</b> to <b>PI/2</b>.
]]></description>

</root>
