<?xml version="1.0" encoding="UTF-8" standalone="yes"?>
<root>
<name>beginShape()</name>

<category>Shape</category>

<subcategory>Vertex</subcategory>

<type></type>

<example>
<image>beginShape_0.png</image>
<code><![CDATA[
beginShape();
vertex(30, 20);
vertex(85, 20);
vertex(85, 75);
vertex(30, 75);
endShape(CLOSE);
]]></code>
</example>

<example>
<image>beginShape_1.png</image>
<code><![CDATA[
beginShape(POINTS);
vertex(30, 20);
vertex(85, 20);
vertex(85, 75);
vertex(30, 75);
endShape();
]]></code>
</example>

<example>
<image>beginShape_2.png</image>
<code><![CDATA[
beginShape(LINES);
vertex(30, 20);
vertex(85, 20);
vertex(85, 75);
vertex(30, 75);
endShape();
]]></code>
</example>

<example>
<image>beginShape_3.png</image>
<code><![CDATA[
noFill();
beginShape();
vertex(30, 20);
vertex(85, 20);
vertex(85, 75);
vertex(30, 75);
endShape();
]]></code>
</example>

<example>
<image>beginShape_4.png</image>
<code><![CDATA[
noFill();
beginShape();
vertex(30, 20);
vertex(85, 20);
vertex(85, 75);
vertex(30, 75);
endShape(CLOSE);
]]></code>
</example>

<example>
<image>beginShape_5.png</image>
<code><![CDATA[
beginShape(TRIANGLES);
vertex(30, 75);
vertex(40, 20);
vertex(50, 75);
vertex(60, 20);
vertex(70, 75);
vertex(80, 20);
endShape();
]]></code>
</example>

<example>
<image>beginShape_6.png</image>
<code><![CDATA[
beginShape(TRIANGLE_STRIP);
vertex(30, 75);
vertex(40, 20);
vertex(50, 75);
vertex(60, 20);
vertex(70, 75);
vertex(80, 20);
vertex(90, 75);
endShape();
]]></code>
</example>

<example>
<image>beginShape_7.png</image>
<code><![CDATA[
beginShape(TRIANGLE_FAN);
vertex(57.5, 50);
vertex(57.5, 15); 
vertex(92, 50); 
vertex(57.5, 85); 
vertex(22, 50); 
vertex(57.5, 15); 
endShape();
]]></code>
</example>

<example>
<image>beginShape_8.png</image>
<code><![CDATA[
beginShape(QUADS);
vertex(30, 20);
vertex(30, 75);
vertex(50, 75);
vertex(50, 20);
vertex(65, 20);
vertex(65, 75);
vertex(85, 75);
vertex(85, 20);
endShape();
]]></code>
</example>

<example>
<image>beginShape_9.png</image>
<code><![CDATA[
beginShape(QUAD_STRIP); 
vertex(30, 20); 
vertex(30, 75); 
vertex(50, 20);
vertex(50, 75);
vertex(65, 20); 
vertex(65, 75); 
vertex(85, 20);
vertex(85, 75); 
endShape();
]]></code>
</example>

<example>
<image>beginShape_10.png</image>
<code><![CDATA[
beginShape();
vertex(20, 20);
vertex(40, 20);
vertex(40, 40);
vertex(60, 40);
vertex(60, 60);
vertex(20, 60);
endShape(CLOSE);
]]></code>
</example>

<description><![CDATA[
Using the <b>beginShape()</b> and <b>endShape()</b> functions allow creating more complex forms. <b>beginShape()</b> begins recording vertices for a shape and <b>endShape()</b> stops recording. The value of the <b>kind</b> parameter tells it which types of shapes to create from the provided vertices. With no mode specified, the shape can be any irregular polygon. The parameters available for beginShape() are POINTS, LINES, TRIANGLES, TRIANGLE_FAN, TRIANGLE_STRIP, QUADS, and QUAD_STRIP. After calling the <b>beginShape()</b> function, a series of <b>vertex()</b> commands must follow. To stop drawing the shape, call <b>endShape()</b>. The <b>vertex()</b> function with two parameters specifies a position in 2D and the <b>vertex()</b> function with three parameters specifies a position in 3D. Each shape will be outlined with the current stroke color and filled with the fill color. 
<br /><br />
Transformations such as <b>translate()</b>, <b>rotate()</b>, and <b>scale()</b> do not work within <b>beginShape()</b>. It is also not possible to use other shapes, such as <b>ellipse()</b> or <b>rect()</b> within <b>beginShape()</b>. 
<br /><br />
The P2D and P3D renderers allow <b>stroke()</b> and <b>fill()</b> to be altered on a per-vertex basis, but the default renderer does not. Settings such as <b>strokeWeight()</b>, <b>strokeCap()</b>, and <b>strokeJoin()</b> cannot be changed while inside a <b>beginShape()</b>/<b>endShape()</b> block with any renderer.
]]></description>

</root>
