<?xml version="1.0" encoding="UTF-8" standalone="yes"?>
<root>
<name>bezierVertex()</name>

<category>Shape</category>

<subcategory>Vertex</subcategory>

<type></type>

<example>
<image>bezierVertex_0.png</image>
<code><![CDATA[
noFill();
beginShape();
vertex(30, 20);
bezierVertex(80, 0, 80, 75, 30, 75);
endShape();
]]></code>
</example>

<example>
<image>bezierVertex_1.png</image>
<code><![CDATA[
beginShape();
vertex(30, 20);
bezierVertex(80, 0, 80, 75, 30, 75);
bezierVertex(50, 80, 60, 25, 30, 20);
endShape();
]]></code>
</example>

<description><![CDATA[
Specifies vertex coordinates for Bezier curves. Each call to <b>bezierVertex()</b> defines the position of two control points and one anchor point of a Bezier curve, adding a new segment to a line or shape. The first time <b>bezierVertex()</b> is used within a <b>beginShape()</b> call, it must be prefaced with a call to <b>vertex()</b> to set the first anchor point. This function must be used between <b>beginShape()</b> and <b>endShape()</b> and only when there is no MODE parameter specified to <b>beginShape()</b>. Using the 3D version requires rendering with P3D (see the Environment reference for more information).
]]></description>

</root>
