<?xml version="1.0" encoding="UTF-8" standalone="yes"?>
<root>

<name>blend()</name>

<category>Image</category>

<subcategory>Pixels</subcategory>

<type></type>

<example>
<image>blend_0_add.png</image>
<code><![CDATA[
background(loadImage("rockies.jpg"));
PImage img = loadImage("bricks.jpg");
image(img, 0, 0);
blend(img, 0, 0, 33, 100, 67, 0, 33, 100, ADD);
]]></code>
</example>

<example>
<image>blend_1_subtract.png</image>
<code><![CDATA[
background(loadImage("rockies.jpg"));
PImage img = loadImage("bricks.jpg");
image(img, 0, 0);
blend(img, 0, 0, 33, 100, 67, 0, 33, 100, SUBTRACT);
]]></code>
</example>

<example>
<image>blend_2_darkest.png</image>
<code><![CDATA[
background(loadImage("rockies.jpg"));
PImage img = loadImage("bricks.jpg");
image(img, 0, 0);
blend(img, 0, 0, 33, 100, 67, 0, 33, 100, DARKEST);
]]></code>
</example>

<example>
<image>blend_3_lightest.png</image>
<code><![CDATA[
background(loadImage("rockies.jpg"));
PImage img = loadImage("bricks.jpg");
image(img, 0, 0);
blend(img, 0, 0, 33, 100, 67, 0, 33, 100, LIGHTEST);
]]></code>
</example>

<description><![CDATA[
Blends a region of pixels from one image into another (or in itself again) with full alpha channel support. There is a choice of the following modes to blend the source pixels (A) with the ones of pixels in the destination image (B):<br />
<br />
BLEND - linear interpolation of colors: C = A*factor + B<br />
<br />
ADD - additive blending with white clip: C = min(A*factor + B, 255)<br />
<br />
SUBTRACT - subtractive blending with black clip: C = max(B - A*factor, 0)<br />
<br />
DARKEST - only the darkest color succeeds: C = min(A*factor, B)<br />
<br />
LIGHTEST - only the lightest color succeeds: C = max(A*factor, B)<br />
<br />
DIFFERENCE - subtract colors from underlying image.<br />
<br />
EXCLUSION - similar to DIFFERENCE, but less extreme.<br />
<br />
MULTIPLY - Multiply the colors, result will always be darker.<br />
<br />
SCREEN - Opposite multiply, uses inverse values of the colors.<br />
<br />
OVERLAY - A mix of MULTIPLY and SCREEN. Multiplies dark values,
and screens light values.<br />
<br />
HARD_LIGHT - SCREEN when greater than 50% gray, MULTIPLY when lower.<br />
<br />
SOFT_LIGHT - Mix of DARKEST and LIGHTEST. 
Works like OVERLAY, but not as harsh.<br />
<br />
DODGE - Lightens light tones and increases contrast, ignores darks.
Called "Color Dodge" in Illustrator and Photoshop.<br />
<br />
BURN - Darker areas are applied, increasing contrast, ignores lights.
Called "Color Burn" in Illustrator and Photoshop.<br />
<br />
All modes use the alpha information (highest byte) of source image pixels as the blending factor. If the source and destination regions are different sizes, the image will be automatically resized to match the destination size. If the <b>src</b> parameter is not used, the display window is used as the source image.<br />
<br />
As of release 0149, this function ignores <b>imageMode()</b>.
]]></description>

</root>
