<?xml version="1.0" encoding="UTF-8" standalone="yes"?>
<root>

<name>clip()</name>

<category>Rendering</category>

<subcategory></subcategory>

<type></type>

<example>
<image></image>
<code><![CDATA[
void setup() {
  size(200, 200);
  imageMode(CENTER);
}

void draw() {
  background(204);
  if (mousePressed) {
    clip(mouseX, mouseY, 100, 100);
  } else {
    noClip();
  }
  line(0, 0, width, height);
  line(0, height, width, 0);
}
]]></code>
</example>

<description><![CDATA[
Limits the rendering to the boundaries of a rectangle defined by the parameters. The boundaries are drawn based on the state of the <b>imageMode()</b> fuction, either CORNER, CORNERS, or CENTER. 
]]></description>

</root>
