<?xml version="1.0" encoding="UTF-8" standalone="yes"?>
<root>
<name>// (comment)</name>

<category>Structure</category>

<subcategory></subcategory>

<usage>Web &amp; Application</usage>

<example>
<image></image>
<code><![CDATA[
// Draws two lines which divides the window
// into four quadrants
line(0, 50, 100, 50);  // Draw the horizontal line
line(50, 0, 50, 100);  // Draw the vertical line
]]></code>
</example>

<description><![CDATA[
Explanatory notes embedded within the code. Comments are used to remind yourself and to inform others about the details of the code. Single-line comments are signified with the two forward slash characters. Comments are ignored by the compiler.
]]></description>

<syntax>
// <c>comment</c>
</syntax>

<parameter>
<label>comment</label>
<description><![CDATA[any sequence of characters]]></description>
</parameter>

<returns></returns>

<related>
/* */ (multiline comment)
/** */ (doc comment)
</related>

<availability>1.0</availability>

<type>Operator</type>

<partof>PDE</partof>








</root>
