<?xml version="1.0" encoding="UTF-8" standalone="yes"?>
<root>
<name>continue</name>

<category>Control</category>

<subcategory>Conditionals</subcategory>

<usage>Web &amp; Application</usage>

<example>
<image></image>
<code><![CDATA[
for (int i = 0; i < 100; i += 10) {
  if (i == 70) {  // If 'i' is 70,
    continue;     // skip to the next iteration,
  }               // therefore not drawing the line.
  line(i, 0, i, height);
}
]]></code>
</example>

<description><![CDATA[
When run inside of a <b>for</b> or <b>while</b>, it skips the remainder of the block and starts the next iteration.
]]></description>

<syntax>
<c>continue</c>
</syntax>

<returns></returns>

<related>
for
while
</related>

<availability>1.0</availability>

<type>Keyword</type>

<partof>Java</partof>

<level>extended</level>


</root>
