<?xml version="1.0" encoding="UTF-8" standalone="yes"?>
<root>
<name>emissive()</name>

<category>Lights, Camera</category>

<subcategory>Material Properties</subcategory>

<type></type>

<example>
<image>emissive_.png</image>
<code><![CDATA[
size(100, 100, P3D);
background(0);
noStroke();
background(0);
directionalLight(204, 204, 204, .5, 0, -1);
emissive(0, 26, 51);
translate(70, 50, 0);
sphere(30);
]]></code>
</example>

<description><![CDATA[
Sets the emissive color of the material used for drawing shapes drawn to the screen. Used in combination with <b>ambient()</b>, <b>specular()</b>, and <b>shininess()</b> in setting the material properties of shapes.
]]></description>

</root>
