<?xml version="1.0" encoding="UTF-8" standalone="yes"?>
<root>
<name>endCamera()</name>

<category>Lights, Camera</category>

<subcategory>Camera</subcategory>

<type></type>

<example>
<image>endCamera_.png</image>
<code><![CDATA[
size(100, 100, P3D);
noFill();

beginCamera();
camera();
rotateX(-PI/6);
endCamera();

translate(50, 50, 0);
rotateY(PI/3);
box(45);
]]></code>
</example>

<description><![CDATA[
The <b>beginCamera()</b> and <b>endCamera()</b> functions enable advanced customization of the camera space. Please see the reference for <b>beginCamera()</b> for a description of how the functions are used.
]]></description>

</root>
