<?xml version="1.0" encoding="UTF-8" standalone="yes"?>
<root>
<name>endRaw()</name>

<category>Output</category>

<subcategory>Files</subcategory>

<type></type>

<example>
<image></image>
<code><![CDATA[
import processing.pdf.*;

void setup() {
  size(400, 400);
  beginRaw(PDF, "raw.pdf");
}

void draw() {
  line(pmouseX, pmouseY, mouseX, mouseY);
}

void keyPressed() {
  if (key == ' ') {
    endRaw();
    exit();
  }
}
]]></code>
</example>

<description><![CDATA[
Complement to <b>beginRaw()</b>; they must always be used together. See the <b>beginRaw()</b> reference for details.
]]></description>

</root>
