<?xml version="1.0" encoding="UTF-8" standalone="yes"?>
<root>
<name>expand()</name>

<category>Data</category>

<subcategory>Array Functions</subcategory>

<type></type>

<example>
<image></image>
<code><![CDATA[
int[] data = {0, 1, 3, 4};
println(data.length);  // Prints "4"
data = expand(data);
println(data.length);  // Prints "8"
data = expand(data, 512);
println(data.length);  // Prints "512"

]]></code>
</example>

<example>
<image></image>
<code><![CDATA[
PImage[] imgs = new PImage[32];
println(imgs.length);  // Prints "32"
imgs = (PImage[]) expand(imgs);
println(imgs.length);  // Prints "64"
]]></code>
</example>

<description><![CDATA[
Increases the size of a one-dimensional array. By default, this function doubles the size of the array, but the optional <b>newSize</b> parameter provides precise control over the increase in size. 
<br /> <br />
When using an array of objects, the data returned from the function must be cast to the object array's data type. For example: <em>SomeClass[] items = (SomeClass[]) expand(originalArray)</em>
]]></description>

</root>
