<?xml version="1.0" encoding="UTF-8" standalone="yes"?>
<root>

<name>sortReverse()</name>

<category>FloatList</category>

<subcategory>Method</subcategory>

<type>method</type>

<example>
<image></image>
<code><![CDATA[
FloatList inventory;

void setup() {
  size(200, 200);
  inventory = new FloatList();
  inventory.append(108.6);
  inventory.append(5.8);
  inventory.append(8.2);
  println(inventory);
  inventory.sortReverse();
  println(inventory);
}

]]></code>
</example>

<description><![CDATA[
A sort in reverse. It's equivalent to running <b>sort()</b> and then <b>reverse()</b>, but is more efficient than running each separately.
]]></description>

</root>
