<?xml version="1.0" encoding="UTF-8" standalone="yes"?>
<root>

<name>hasKey()</name>

<category>FloatDict</category>

<subcategory>Method</subcategory>

<type>method</type>

<example>
<image></image>
<code><![CDATA[
FloatDict inventory;

void setup() {
  size(200, 200);
  inventory = new FloatDict(goods, amounts);
  inventory = new FloatDict();
  inventory.set("coffee",108.6);
  inventory.set("flour",5.8);
  inventory.set("tea",8.2);
  println(inventory);
  if (inventory.hasKey("flour") == true) {
    println("Yes, we have flour."); 
  } else {
    println("Sorry, no flour.");
  }
}

]]></code>
</example>

<description><![CDATA[
Check if a key is a part of the data structure.
]]></description>

</root>
