<?xml version="1.0" encoding="UTF-8" standalone="yes"?>
<root>
<name>frameRate()</name>

<category>Environment</category>

<subcategory></subcategory>

<example>
<image></image>
<code><![CDATA[
void setup() {
  frameRate(4);
}
int pos = 0;
void draw() {
  background(204);
  pos++;
  line(pos, 20, pos, 80);
  if (pos > width) {
    pos = 0;
  }
}
]]></code>
</example>

<description><![CDATA[
Specifies the number of frames to be displayed every second. For example, the function call <b>frameRate(30)</b> will attempt to refresh 30 times a second. If the processor is not fast enough to maintain the specified rate, the frame rate will not be achieved. Setting the frame rate within <b>setup()</b> is recommended. The default rate is 60 frames per second.
]]></description>

</root>
