<?xml version="1.0" encoding="UTF-8" standalone="yes"?>
<root>
<name>get()</name>

<category>Image</category>

<subcategory>Pixels</subcategory>

<type></type>

<example>
<image>get_0.png</image>
<code><![CDATA[
PImage myImage = loadImage("apples.jpg");
image(myImage, 0, 0);
PImage c = get();
image(c, width/2, 0);
]]></code>
</example>

<example>
<image>get_1.png</image>
<code><![CDATA[
PImage myImage = loadImage("apples.jpg");
image(myImage, 0, 0);
color c = get(25, 25);
fill(c);
noStroke();
rect(25, 25, 50, 50);
]]></code>
</example>

<description><![CDATA[
Reads the color of any pixel or grabs a section of an image. If no parameters are specified, the entire image is returned. Use the <b>x</b> and <b>y</b> parameters to get the value of one pixel. Get a section of the display window by specifying additional <b>w</b> and <b>h</b> parameters. When getting an image, the <b>x</b> and <b>y</b> parameters define the coordinates for the upper-left corner of the image, regardless of the current <b>imageMode()</b>.
<br /><br />
If the pixel requested is outside of the image window, black is returned. The numbers returned are scaled according to the current color ranges, but only RGB values are returned by this function. For example, even though you may have drawn a shape with <b>colorMode(HSB)</b>, the numbers returned will be in RGB format.
<br /><br />
If a width and a height are specified, <b>get(x, y, w, h)</b> returns a PImage corresponding to the part of the original PImage where the top left pixel is at the <b>(x, y)</b> position with a width of <b>w</b> a height of <b>h</b>.
<br /><br />
Getting the color of a single pixel with <b>get(x, y)</b> is easy, but not as fast as grabbing the data directly from <b>pixels[]</b>. The equivalent statement to <b>get(x, y)</b> using <b>pixels[]</b> is <b>pixels[y*width+x]</b>. See the reference for <a href="pixels.html">pixels[]</a> for more information.
]]></description>

</root>
