<?xml version="1.0" encoding="UTF-8" standalone="yes"?>
<root>
<name>height</name>

<category>Environment</category>

<subcategory></subcategory>

<type>variable</type>

<example>
<image>height.png</image>
<code><![CDATA[
noStroke();
background(0);
rect(40, 0, 20, height);
rect(60, 0, 20, height/2);
]]></code>
</example>

<description><![CDATA[
System variable that stores the height of the display window. This value is set by the second parameter of the <b>size()</b> function. For example, the function call <b>size(320, 240)</b> sets the <b>height</b> variable to the value 240. The value of <b>height</b> defaults to 100 if <b>size()</b> is not used in a program.
]]></description>

</root>
