<?xml version="1.0" encoding="UTF-8" standalone="yes"?>
<root>
<name>hue()</name>

<category>Color</category>

<subcategory>Creating &amp; Reading</subcategory>

<type></type>

<example>
<image>hue_.png</image>
<code><![CDATA[
noStroke();
colorMode(HSB, 255);
color c = color(0, 126, 255);
fill(c);
rect(15, 20, 35, 60);
float value = hue(c);  // Sets 'value' to "0"
fill(value);
rect(50, 20, 35, 60);
]]></code>
</example>

<description><![CDATA[
Extracts the hue value from a color.
]]></description>

</root>
