<?xml version="1.0" encoding="UTF-8" standalone="yes"?>
<root>

<name>sortValuesReverse()</name>

<category>IntDict</category>

<subcategory>Method</subcategory>

<type>method</type>

<example>
<image></image>
<code><![CDATA[
IntDict inventory;

void setup() {
  size(200, 200);
  inventory = new IntDict();
  inventory.set("cd", 84);
  inventory.set("tapes", 15);
  inventory.set("records", 102);
  println(inventory);
  inventory.sortValuesReverse();
  println(inventory);
}

]]></code>
</example>

<description><![CDATA[
Sort by values in descending order. The largest value will be at [0].
]]></description>

</root>
