<?xml version="1.0" encoding="UTF-8" standalone="yes"?>
<root>

<name>values()</name>

<category>IntDict</category>

<subcategory>Method</subcategory>

<type>method</type>

<example>
<image></image>
<code><![CDATA[
IntDict inventory;

void setup() {
  size(200, 200);
  inventory = new IntDict();
  inventory.set("cd", 84);
  inventory.set("tapes", 15);
  inventory.set("records", 102);
  println(inventory); 
  for (int i : inventory.values()) {
    println(i);
  }
}

]]></code>
</example>

<description><![CDATA[
Return the internal array being used to store the values.
]]></description>

</root>
