<?xml version="1.0" encoding="UTF-8" standalone="yes"?>
<root>

<name>hasKey()</name>

<category>IntDict</category>

<subcategory>Method</subcategory>

<type>method</type>

<example>
<image></image>
<code><![CDATA[
IntDict inventory;

void setup() {
  size(200, 200);
  inventory = new IntDict();
  inventory.set("cd", 84);
  inventory.set("tapes", 15);
  inventory.set("records", 102);
  println(inventory);
  if (inventory.hasKey("records") == true) {
    println("Yes, we have records."); 
  } else {
    println("Sorry, no records.");
  }
}

]]></code>
</example>

<description><![CDATA[
Check if a key is a part of the data structure.
]]></description>

</root>
