<?xml version="1.0" encoding="UTF-8" standalone="yes"?>
<root>

<name>keyArray()</name>

<category>IntDict</category>

<subcategory>Method</subcategory>

<type>method</type>

<example>
<image></image>
<code><![CDATA[
IntDict inventory;

void setup() {
  size(200, 200);
  inventory = new IntDict();
  inventory.set("cd", 84);
  inventory.set("tapes", 15);
  inventory.set("records", 102);
  println(inventory); 
  String[] theKeys = inventory.keyArray();
  println(theKeys);
}

]]></code>
</example>

<description><![CDATA[
Return a copy of the internal keys array. In contrast to the <b>keys()</b> 
method, this array can be modified.
]]></description>

</root>
