<?xml version="1.0" encoding="UTF-8" standalone="yes"?>
<root>

<name>size()</name>

<category>IntDict</category>

<subcategory>Method</subcategory>

<type>method</type>

<example>
<image></image>
<code><![CDATA[
IntDict inventory;

void setup() {
  size(200, 200);
  inventory = new IntDict();
  inventory.set("cd", 84);
  inventory.set("tapes", 15);
  inventory.set("records", 102);
  println(inventory);
  int s = inventory.size();
  println(s);
}

]]></code>
</example>

<description><![CDATA[
Returns the number of key/value pairs.
]]></description>

</root>
