<?xml version="1.0" encoding="UTF-8" standalone="yes"?>
<root>

<name>sortReverse()</name>

<category>IntList</category>

<subcategory>Method</subcategory>

<type>method</type>

<example>
<image></image>
<code><![CDATA[
IntList inventory;

void setup() {
  size(200, 200);
  inventory = new IntList();
  inventory.append(84);
  inventory.append(15);
  inventory.append(102);
  println(inventory);
  inventory.sortReverse();  // Orders to 102, 84, 15
  println(inventory);  
}

]]></code>
</example>

<description><![CDATA[
A sort in reverse. It's equivalent to running <b>sort()</b> and then 
<b>reverse()</b>, but is more efficient than running each separately.
]]></description>

</root>
