<?xml version="1.0" encoding="UTF-8" standalone="yes"?>
<root>

<name>remove()</name>

<category>IntList</category>

<subcategory>Method</subcategory>

<type>method</type>

<example>
<image></image>
<code><![CDATA[
IntList inventory;

void setup() {
  size(200, 200);
  inventory = new IntList();
  inventory.append(84);
  inventory.append(15);
  inventory.append(102);
  println(inventory);
  inventory.remove(1);
  println(inventory);
}

]]></code>
</example>

<example>
<image></image>
<code><![CDATA[
IntList inventory;

void setup() {
  size(200, 200);
  inventory = new IntList();
  inventory.append(84);
  inventory.append(15);
  inventory.append(102);
  println(inventory);
  int val = inventory.remove(1);
  println("The value " + val + " was removed.");
}

]]></code>
</example>

<description><![CDATA[
Remove an element from the specified index.
]]></description>

</root>
