<?xml version="1.0" encoding="UTF-8" standalone="yes"?>
<root>

<name>append()</name>

<category>JSONArray</category>

<subcategory>Method</subcategory>

<type>method</type>

<example>
<image></image>
<code><![CDATA[
JSONArray json;

void setup() {

  json = new JSONArray();

  json.append(32);
  json.append(1.5);
  json.append("grape");
  json.append(true);

  JSONObject obj = new JSONObject();
  obj.setFloat("persistence", 0.75);
  json.append(obj);

  JSONArray arr = new JSONArray();
  arr.append("red");
  arr.append("green");
  arr.append("blue");
  json.append(arr);

  println(json);
}

// Sketch prints:
// [
//   32,
//   1.5,
//   "grape",
//   true,
//   {"persistence": 0.75},
//   [
//     "red",
//     "green",
//     "blue"
//   ]
// ]
]]></code>
</example>

<description><![CDATA[
Appends a new value to the <b>JSONArray</b>, increasing the array's length by one. New values may be of the following types: int, float, String, boolean, <b>JSONObject</b>, or <b>JSONArray</b>.
]]></description>

</root>
