<?xml version="1.0" encoding="UTF-8" standalone="yes"?>
<root>
<name>key</name>

<category>Input</category>

<subcategory>Keyboard</subcategory>

<type>variable</type>

<example>
<image></image>
<code><![CDATA[
// Click on the window to give it focus,
// and press the 'B' key.

void draw() {
  if (keyPressed) {
    if (key == 'b' || key == 'B') {
      fill(0);
    }
  } else {
    fill(255);
  }
  rect(25, 25, 50, 50);
}
]]></code>
</example>

<description><![CDATA[
The system variable <b>key</b> always contains the value of the most recent key on the keyboard that was used (either pressed or released). 
<br /> <br />
For non-ASCII keys, use the <b>keyCode</b> variable. The keys included in the ASCII specification (BACKSPACE, TAB, ENTER, RETURN, ESC, and DELETE) do not require checking to see if the key is coded, and you should simply use the <b>key</b> variable instead of <b>keyCode</b> If you're making cross-platform projects, note that the ENTER key is commonly used on PCs and Unix and the RETURN key is used instead on Macintosh. Check for both ENTER and RETURN to make sure your program will work for all platforms.
<br /><br />
There are issues with how <b>keyCode</b> behaves across different renderers and operating systems. Watch out for unexpected behavior as you switch renderers and operating systems.
]]></description>

</root>
