<?xml version="1.0" encoding="UTF-8" standalone="yes"?>
<root>
<name>loadXML()</name>

<category>Input</category>

<subcategory>Files</subcategory>

<type></type>

<example>
<image></image>
<code><![CDATA[
// The following short XML file called "mammals.xml" is parsed 
// in the code below. It must be in the project's "data" folder.
//
// &lt;?xml version=&quot;1.0&quot;?&gt;
// &lt;mammals&gt;
//   &lt;animal id=&quot;0&quot; species=&quot;Capra hircus&quot;&gt;Goat&lt;/animal&gt;
//   &lt;animal id=&quot;1&quot; species=&quot;Panthera pardus&quot;&gt;Leopard&lt;/animal&gt;
//   &lt;animal id=&quot;2&quot; species=&quot;Equus zebra&quot;&gt;Zebra&lt;/animal&gt;
// &lt;/mammals&gt;

XML xml;

void setup() {
  xml = loadXML("mammals.xml");
  XML[] children = xml.getChildren("animal");

  for (int i = 0; i < children.length; i++) {
    int id = children[i].getInt("id");
    String coloring = children[i].getString("species");
    String name = children[i].getContent();
    println(id + ", " + coloring + ", " + name);
  }
}

// Sketch prints:
// 0, Capra hircus, Goat
// 1, Panthera pardus, Leopard
// 2, Equus zebra, Zebra
]]></code>
</example>


<description><![CDATA[
Reads the contents of a file or URL and creates an XML object with its values. If a file is specified, it must be located in the sketch's "data" folder. The filename parameter can also be a URL to a file found online.<br />
<br />
All files loaded and saved by the Processing API use UTF-8 encoding. If you need to load an XML file that's not in UTF-8 format, see the <a href="http://processing.github.io/processing-javadocs/core/processing/data/XML.html">developer's reference</a> for the XML object.
]]></description>

</root>
