<?xml version="1.0" encoding="UTF-8" standalone="yes"?>
<root>
<name>log()</name>

<category>Math</category>

<subcategory>Calculation</subcategory>

<type></type>

<example>
<image></image>
<code><![CDATA[
void setup() {
  int i = 12;
  println(log(i));
  println(log10(i));
}

// Calculates the base-10 logarithm of a number
float log10 (int x) {
  return (log(x) / log(10));
}
]]></code>
</example>

<description><![CDATA[
Calculates the natural logarithm (the base-<i>e</i> logarithm) of a number. This function expects the <b>n</b> parameter to be a value greater than 0.0.
]]></description>

</root>
