<?xml version="1.0" encoding="UTF-8" standalone="yes"?>
<root>
<name>perspective()</name>

<category>Lights, Camera</category>

<subcategory>Camera</subcategory>

<type></type>

<example>
<image>perspective_.png</image>
<code><![CDATA[
// Re-creates the default perspective
size(100, 100, P3D);
noFill();
float fov = PI/3.0;
float cameraZ = (height/2.0) / tan(fov/2.0);
perspective(fov, float(width)/float(height), 
            cameraZ/10.0, cameraZ*10.0);
translate(50, 50, 0);
rotateX(-PI/6);
rotateY(PI/3);
box(45);
]]></code>
</example>

<description><![CDATA[
Sets a perspective projection applying foreshortening, making distant objects appear smaller than closer ones. The parameters define a viewing volume with the shape of truncated pyramid. Objects near to the front of the volume appear their actual size, while farther objects appear smaller. This projection simulates the perspective of the world more accurately than orthographic projection. The version of perspective without parameters sets the default perspective and the version with four parameters allows the programmer to set the area precisely. The default values are: perspective(PI/3.0, width/height, cameraZ/10.0, cameraZ*10.0) where cameraZ is ((height/2.0) / tan(PI*60.0/360.0));
]]></description>

</root>
