<?xml version="1.0" encoding="UTF-8" standalone="yes"?>
<root>
<name>pixels[]</name>

<category>PImage</category>

<subcategory>Field</subcategory>

<type></type>

<example>
<image>PImage_pixels.png</image>
<code><![CDATA[
PImage tower;

void setup() {
  size(100, 100);
  tower = loadImage("tower.jpg");
  int dimension = tower.width * tower.height;
  tower.loadPixels();
  for (int i = 0; i < dimension; i += 2) { 
    tower.pixels[i] = color(0, 0, 0); 
  } 
  tower.updatePixels();
}

void draw() {
  image(tower, 0, 0);
}
]]></code>
</example>

<description><![CDATA[
The pixels[] array contains the values for all the pixels in the image. These values are of the color datatype. This array is the size of the image, meaning if the image is 100 x 100 pixels, there will be 10,000 values and if the window is 200 x 300 pixels, there will be 60,000 values. <br />
<br />
Before accessing this array, the data must loaded with the <b>loadPixels()</b> method. Failure to do so may result in a NullPointerException. After the array data has been modified, the <b>updatePixels()</b> method must be run to update the content of the display window.
]]></description>

</root>
