<?xml version="1.0" encoding="UTF-8" standalone="yes"?>
<root>
<name>pixels[]</name>

<category>Image</category>

<subcategory>Pixels</subcategory>

<type>variable</type>

<example>
<image>pixels.png</image>
<code><![CDATA[
color pink = color(255, 102, 204);
loadPixels();
for (int i = 0; i < (width*height/2)-width/2; i++) {
  pixels[i] = pink;
}
updatePixels();
]]></code>
</example>

<description><![CDATA[
The <b>pixels[]</b> array contains the values for all the pixels in the display window. These values are of the color datatype. This array is defined by the size of the display window. For example, if the window is 100 x 100 pixels, there will be 10,000 values and if the window is 200 x 300 pixels, there will be 60,000 values. When the pixel density is set to higher than 1 with the <b>pixelDensity()</b> function, these values will change. See the reference for <b>pixelWidth</b> or <b>pixelHeight</b> for more information. 
<br /><br />
Before accessing this array, the data must loaded with the <b>loadPixels()</b> function. Failure to do so may result in a NullPointerException. Subsequent changes to the display window will not be reflected in <b>pixels</b> until <b>loadPixels()</b> is called again. After <b>pixels</b> has been modified, the <b>updatePixels()</b> function must be run to update the content of the display window.
]]></description>

</root>
