<?xml version="1.0" encoding="UTF-8" standalone="yes"?>
<root>
<name>point()</name>

<category>Shape</category>

<subcategory>2D Primitives</subcategory>

<type></type>

<example>
<image>point_0.png</image>
<code><![CDATA[
noSmooth();
point(30, 20);
point(85, 20);
point(85, 75);
point(30, 75);
]]></code>
</example>

<example>
<image>point_1.png</image>
<code><![CDATA[
size(100, 100, P3D);
noSmooth();
point(30, 20, -50);
point(85, 20, -50);
point(85, 75, -50);
point(30, 75, -50);
]]></code>
</example>

<description><![CDATA[
Draws a point, a coordinate in space at the dimension of one pixel. The first parameter is the horizontal value for the point, the second value is the vertical value for the point, and the optional third value is the depth value. Drawing this shape in 3D with the <b>z</b> parameter requires the P3D parameter in combination with <b>size()</b> as shown in the above example.
<br /><br />
Use <b>stroke()</b> to set the color of a <b>point()</b>.
]]></description>

</root>
