<?xml version="1.0" encoding="UTF-8" standalone="yes"?>
<root>
<name>popStyle()</name>

<category>Structure</category>

<subcategory></subcategory>

<type></type>

<example>
<image>popStyle_0.png</image>
<code><![CDATA[
ellipse(0, 50, 33, 33);  // Left circle

pushStyle();  // Start a new style
strokeWeight(10);
fill(204, 153, 0);
ellipse(50, 50, 33, 33);  // Middle circle
popStyle();  // Restore original style

ellipse(100, 50, 33, 33);  // Right circle
]]></code>
</example>

<example>
<image>popStyle_1.png</image>
<code><![CDATA[
ellipse(0, 50, 33, 33);  // Left circle

pushStyle();  // Start a new style
strokeWeight(10);
fill(204, 153, 0);
ellipse(33, 50, 33, 33);  // Left-middle circle

pushStyle();  // Start another new style
stroke(0, 102, 153);
ellipse(66, 50, 33, 33);  // Right-middle circle
popStyle();  // Restore the previous style

popStyle();  // Restore original style

ellipse(100, 50, 33, 33);  // Right circle
]]></code>
</example>

<description><![CDATA[
The <b>pushStyle()</b> function saves the current style settings and <b>popStyle()</b> restores the prior settings; these functions are always used together. They allow you to change the style settings and later return to what you had. When a new style is started with <b>pushStyle()</b>, it builds on the current style information. The <b>pushStyle()</b> and <b>popStyle()</b> functions can be embedded to provide more control (see the second example above for a demonstration.)
]]></description>

</root>
