<?xml version="1.0" encoding="UTF-8" standalone="yes"?>
<root>
<name>pow()</name>

<category>Math</category>

<subcategory>Calculation</subcategory>

<type></type>

<example>
<image></image>
<code><![CDATA[
float a = pow( 1, 3);  // Sets 'a' to 1*1*1 = 1
float b = pow( 3, 5);  // Sets 'b' to 3*3*3*3*3 = 243
float c = pow( 3,-5);  // Sets 'c' to 1 / 3*3*3*3*3 = 1 / 243 = .0041
float d = pow(-3, 5);  // Sets 'd' to -3*-3*-3*-3*-3 = -243
]]></code>
</example>

<description><![CDATA[
Facilitates exponential expressions. The <b>pow()</b> function is an efficient way of multiplying numbers by themselves (or their reciprocals) in large quantities. For example, <b>pow(3, 5)</b> is equivalent to the expression 3*3*3*3*3 and <b>pow(3, -5)</b> is equivalent to 1 / 3*3*3*3*3.
]]></description>

</root>
