<?xml version="1.0" encoding="UTF-8" standalone="yes"?>
<root>

<name>println()</name>

<category>PrintWriter</category>

<subcategory>Method</subcategory>

<usage>Web &amp; Application</usage>

<example>
<image></image>
<code><![CDATA[
PrintWriter output;

void setup() {
  // Create a new file in the sketch directory
  output = createWriter("positions.txt"); 
}

void draw() {
  point(mouseX, mouseY);
  output.println(mouseX);  // Write the coordinate to the file
}

void keyPressed() {
  output.flush();  // Writes the remaining data to the file
  output.close();  // Finishes the file
  exit();  // Stops the program
}

]]></code>
</example>

<description><![CDATA[
Writes data to a <b>PrintWriter</b> object stream and then starts a new line.
]]></description>

<syntax>
<c>pw</c>.println(<c>data</c>)
</syntax>

<parameter>
<label>pw</label>
<description><![CDATA[any object of the type PrintWriter]]></description>
</parameter>

<parameter>
<label>data</label>
<description><![CDATA[boolean, byte, char, color, int, float, String]]></description>
</parameter>


<returns></returns>

<related></related>

<availability>1.0</availability>

<type>Method</type>

<partof>Core</partof>


</root>
