<?xml version="1.0" encoding="UTF-8" standalone="yes"?>
<root>
<name>printProjection()</name>

<category>Lights, Camera</category>

<subcategory>Camera</subcategory>

<type></type>

<example>
<image></image>
<code><![CDATA[
size(100, 100, P3D);
printProjection();

// The program above prints this data:
// 01.7321  00.0000  00.0000  00.0000
// 00.0000 -01.7321  00.0000  00.0000
// 00.0000  00.0000 -01.0202 -17.4955
// 00.0000  00.0000 -01.0000  00.0000
]]></code>
</example>

<description><![CDATA[
Prints the current projection matrix to the Console (the text window at the bottom of Processing).
]]></description>

</root>
