<?xml version="1.0" encoding="UTF-8" standalone="yes"?>
<root>
<name>addChild()</name>

<category>PShape</category>

<subcategory>Method</subcategory>

<type></type>

<example>
<image></image>
<code><![CDATA[
PShape house;

void setup() {
  size(200, 200);

  // Make a group PShape
  house = createShape(GROUP);
  
  // Make three shapes
  PShape path = createShape();
  path.beginShape();
  path.vertex(-20, -20);
  path.vertex(0, -40);
  path.vertex(20, -20);
  path.endShape();
  PShape rectangle = createShape(RECT, -20, -20, 40, 40);
  PShape circle = createShape(ELLIPSE, 0, 0, 20, 20);
  
  // Add all three as children
  house.addChild(path);
  house.addChild(rectangle);
  house.addChild(circle);
}

void draw() {
  background(52);
  translate(mouseX, mouseY);
  shape(house);
}
]]></code>
</example>

<description><![CDATA[
Adds a child PShape to a parent PShape that is defined as a GROUP. In the example, the three shapes <b>path</b>, <b>rectangle</b>, and <b>circle</b> are added to a parent PShape variable named <b>house</b> that is a GROUP.   
]]></description>

</root>
