<?xml version="1.0" encoding="UTF-8" standalone="yes"?>
<root>
<name>width</name>

<category>PShape</category>

<subcategory>field</subcategory>

<type></type>

<example>
<image></image>
<code><![CDATA[
PShape s;

void setup() {
  // The file "bot.svg" must be in the data folder
  // of the current sketch to load successfully
  s = loadShape("bot.svg");
  println(s.width);  // Prints "281.0", the width of the shape
}
]]></code>
</example>

<description><![CDATA[
The width of the PShape document.
]]></description>

</root>
