<?xml version="1.0" encoding="UTF-8" standalone="yes"?>
<root>
<name>push()</name>

<category>Structure</category>

<subcategory></subcategory>

<type></type>

<example>
<image>pushMatrix_.png</image>
<code><![CDATA[
fill(255);
rect(0, 0, 50, 50);  // White rectangle

push();
translate(30, 20);
fill(0);  
rect(0, 0, 50, 50);  // Black rectangle
pop();  // Restore original settings

fill(100);  
rect(15, 10, 50, 50);  // Gray rectangle
]]></code>
</example>

<example>
<image>pushStyle_0.png</image>
<code><![CDATA[
ellipse(0, 50, 33, 33);  // Left circle

push(); 
strokeWeight(10);
fill(204, 153, 0);
ellipse(50, 50, 33, 33);  // Middle circle
pop();  // Restore original settings

ellipse(100, 50, 33, 33);  // Right circle
]]></code>
</example>

<description><![CDATA[
The <b>push()</b> function saves the current drawing style settings and transformations, while <b>pop()</b> restores these settings. Note that these functions are always used together. They allow you to change the style and transformation settings and later return to what you had. When a new state is started with push(), it builds on the current style and transform information.<br />
<br />
<b>push()</b> stores information related to the current transformation state and style settings controlled by the following functions: <b>rotate()</b>, <b>translate()</b>, <b>scale()</b>, <b>fill()</b>, <b>stroke()</b>, <b>tint()</b>, <b>strokeWeight()</b>, <b>strokeCap()</b>, <b>strokeJoin()</b>, <b>imageMode()</b>, <b>rectMode()</b>, <b>ellipseMode()</b>, <b>colorMode()</b>, <b>textAlign()</b>, <b>textFont()</b>, <b>textMode()</b>, <b>textSize()</b>, <b>textLeading()</b>.<br />
<br />
The <b>push()</b> and <b>pop()</b> functions were added with Processing 3.5. They can be used in place of <b>pushMatrix()</b>, <b>popMatrix()</b>, <b>pushStyles()</b>, and <b>popStyles()</b>. The difference is that push() and pop() control both the transformations (rotate, scale, translate) and the drawing styles at the same time.
]]></description>

</root>
