<?xml version="1.0" encoding="UTF-8" standalone="yes"?>
<root>

<name>angleBetween()</name>

<category>PVector</category>

<subcategory>Method</subcategory>

<type></type>

<example>
<image></image>
<code><![CDATA[
PVector v1 = new PVector(10, 20);
PVector v2 = new PVector(60, 80); 
float a = PVector.angleBetween(v1, v2);
println(degrees(a));  // Prints "10.304827"
]]></code>
</example>

<description><![CDATA[
Calculates and returns the angle (in radians) between two vectors.
]]></description>

</root>
