<?xml version="1.0" encoding="UTF-8" standalone="yes"?>
<root>

<name>y</name>

<category>PVector</category>

<subcategory>Field</subcategory>

<type></type>

<example>
<image></image>
<code><![CDATA[
PVector v;

void setup() {
  size(100, 100);
  v = new PVector(20.0, 30.0, 40.0);
  println(v.x);  // Prints "20.0"
  println(v.y);  // Prints "30.0"
  println(v.z);  // Prints "40.0"
  v.y = 50.0; 
  println(v.y);  // Prints "50.0"
}
]]></code>
</example>

<description><![CDATA[
The y component of the vector. This field (variable) can be used to both get and set the value (see above example.)
]]></description>

</root>
