<?xml version="1.0" encoding="UTF-8" standalone="yes"?>
<root>

<name>dot()</name>

<category>PVector</category>

<subcategory>Method</subcategory>

<type></type>

<example>
<image></image>
<code><![CDATA[
PVector  v = new PVector(10, 20, 0);
float d = v.dot(60, 80, 0);
println(d);  // Prints "2200.0"
]]></code>
</example>

<example>
<image></image>
<code><![CDATA[
PVector  v1 = new PVector(10, 20, 0);
PVector  v2 = new PVector(60, 80, 0); 
float d = v1.dot(v2);
println(d);  // Prints "2200.0"
]]></code>
</example>

<description><![CDATA[
Calculates the dot product of two vectors.
]]></description>

</root>
