<?xml version="1.0" encoding="UTF-8" standalone="yes"?>
<root>

<name>mag()</name>

<category>PVector</category>

<subcategory>Method</subcategory>

<type></type>

<example>
<image></image>
<code><![CDATA[
PVector v;

void setup() {
  size(100, 100);
  v = new PVector(20.0, 30.0, 40.0);
  float m = v.mag();
  println(m);  // Prints "53.851646"
}
]]></code>
</example>

<description><![CDATA[
Calculates the magnitude (length) of the vector and returns the result as a float (this is simply the equation <em>sqrt(x*x + y*y + z*z)</em>.)
]]></description>

</root>
