<?xml version="1.0" encoding="UTF-8" standalone="yes"?>
<root>

<name>copy()</name>

<category>PVector</category>

<subcategory>Method</subcategory>

<type></type>

<example>
<image></image>
<code><![CDATA[
PVector v1, v2;

void setup() {
  size(100, 100);
  v1 = new PVector(20.0, 30.0, 40.0);
  v2 = new PVector();
  v2 = v1.copy();
  println(v2.x);  // Prints "20.0"
  println(v2.y);  // Prints "30.0"
  println(v2.z);  // Prints "40.0"
}
]]></code>
</example>

<description><![CDATA[
Copies the components of the vector and returns the result as a PVector. 
]]></description>

</root>
