<?xml version="1.0" encoding="UTF-8" standalone="yes"?>
<root>

<name>set()</name>

<category>PVector</category>

<subcategory>Method</subcategory>

<type></type>

<example>
<image></image>
<code><![CDATA[
PVector v;

void setup() {
  size(100, 100);
  v = new PVector(0.0, 0.0, 0.0);
  v.set(20.0, 30.0, 40.0);
  println(v.x);  // Prints "20.0"
  println(v.y);  // Prints "30.0"
  println(v.z);  // Prints "40.0"
}
]]></code>
</example>

<example>
<image></image>
<code><![CDATA[
PVector v1, v2;

void setup() {
  size(100, 100);
  v1 = new PVector(20.0, 30.0, 40.0);
  v2 = new PVector(0.0, 0.0, 0.0);
  v2.set(v1);
  println(v2.x);  // Prints "20.0"
  println(v2.y);  // Prints "30.0"
  println(v2.z);  // Prints "40.0"
}
]]></code>
</example>

<example>
<image></image>
<code><![CDATA[
PVector v;
float[] vvv = { 20.0, 30.0, 40.0 };

void setup() {
  size(100, 100);
  v = new PVector(0.0, 0.0, 0.0);
  v.set(vvv);
  println(v.x);  // Prints "20.0"
  println(v.y);  // Prints "30.0"
  println(v.z);  // Prints "40.0"
}
]]></code>
</example>


<description><![CDATA[
Sets the x, y, and z component of the vector using three separate variables, the data from a PVector, or the values from a float array.
]]></description>

</root>
