<?xml version="1.0" encoding="UTF-8" standalone="yes"?>
<root>
<name>quadraticVertex()</name>

<category>Shape</category>

<subcategory>Vertex</subcategory>

<type></type>

<example>
<image>quadraticVertex_0.png</image>
<code><![CDATA[
noFill();
strokeWeight(4);
beginShape();
vertex(20, 20);
quadraticVertex(80, 20, 50, 50);
endShape();
]]></code>
</example>

<example>
<image>quadraticVertex_1.png</image>
<code><![CDATA[
noFill();
strokeWeight(4);
beginShape();
vertex(20, 20);
quadraticVertex(80, 20, 50, 50);
quadraticVertex(20, 80, 80, 80);
vertex(80, 60);
endShape();
]]></code>
</example>

<description><![CDATA[
Specifies vertex coordinates for quadratic Bezier curves. Each call to <b>quadraticVertex()</b> defines the position of one control point and one anchor point of a Bezier curve, adding a new segment to a line or shape. The first time <b>quadraticVertex()</b> is used within a <b>beginShape()</b> call, it must be prefaced with a call to <b>vertex()</b> to set the first anchor point. This function must be used between <b>beginShape()</b> and <b>endShape()</b> and only when there is no MODE parameter specified to <b>beginShape()</b>. Using the 3D version requires rendering with P3D (see the Environment reference for more information).
]]></description>

</root>
