<?xml version="1.0" encoding="UTF-8" standalone="yes"?>
<root>
<name>random()</name>

<category>Math</category>

<subcategory>Random</subcategory>

<type></type>

<example>
<image></image>
<code><![CDATA[
for (int i = 0; i < 100; i++) {
  float r = random(50);
  stroke(r*5);
  line(50, i, 50+r, i);
}
]]></code>
</example>

<example>
<image></image>
<code><![CDATA[
for (int i = 0; i < 100; i++) {
  float r = random(-50, 50);
  println(r);
}
]]></code>
</example>

<example>
<image></image>
<code><![CDATA[
// Get a random element from an array
String[] words = { "apple", "bear", "cat", "dog" };
int index = int(random(words.length));  // Same as int(random(4))
println(words[index]);  // Prints one of the four words
]]></code>
</example>

<description><![CDATA[
Generates random numbers. Each time the <b>random()</b> function is called, it returns an unexpected value within the specified range. If only one parameter is passed to the function, it will return a float between zero and the value of the <b>high</b> parameter. For example, <b>random(5)</b> returns values between 0 and 5 (starting at zero, and up to, but not including, 5).<br />
<br />
If two parameters are specified, the function will return a float with a value between the two values. For example, <b>random(-5, 10.2)</b> returns values starting at -5 and up to (but not including) 10.2. To convert a floating-point random number to an integer, use the <b>int()</b> function.
]]></description>

</root>
