<?xml version="1.0" encoding="UTF-8" standalone="yes"?>

<root>
<name>round()</name>

<category>Math</category>

<subcategory>Calculation</subcategory>

<type></type>

<example>
<image></image>
<code><![CDATA[
float x = 9.2;  
int rx = round(x);  // Sets 'rx' to 9

float y = 9.5;
int ry = round(y);  // Sets 'ry' to 10

float z = 9.9;
int rz = round(z);  // Sets 'rz' to 10

]]></code>
</example>

<description><![CDATA[
Calculates the integer closest to the <b>n</b> parameter. For example, <b>round(133.8)</b> returns the value 134.
]]></description>

</root>
