<?xml version="1.0" encoding="UTF-8" standalone="yes"?>
<root>
<name>saveStream()</name>

<category>Output</category>

<subcategory>Files</subcategory>

<type></type>

<example>
<image></image>
<code></code>
</example>

<description><![CDATA[
Save the contents of a stream to a file in the sketch folder. This is basically <b>saveBytes(blah, loadBytes())</b>, but done more efficiently (and with less confusing syntax).<br />
<br />   
The <b>target</b> parameter can be either a String specifying a file name, or, for greater control over the file location, a <b>File</b> object. (Note that, unlike some other functions, this will not automatically compress or uncompress gzip files.)
]]></description>

</root>
