<?xml version="1.0" encoding="UTF-8" standalone="yes"?>
<root>
<name>shader()</name>

<category>Rendering</category>

<subcategory>Shaders</subcategory>

<type></type>

<example>
<image></image>
<code><![CDATA[
PShader edges;  
PImage img;
    
void setup() {
  size(640, 360, P2D);
  img = loadImage("leaves.jpg");      
  edges = loadShader("edges.glsl");
}

void draw() {
  shader(edges);
  image(img, 0, 0);
}
]]></code>
</example>

<description><![CDATA[
Applies the shader specified by the parameters. It's compatible with the P2D and P3D renderers, but not with the default renderer.
]]></description>

</root>
