<?xml version="1.0" encoding="UTF-8" standalone="yes"?>
<root>
<name>shape()</name>

<category>Shape</category>

<subcategory>Loading &amp; Displaying</subcategory>

<type></type>

<example>
<image>shape_1.png</image>
<code><![CDATA[
PShape s;

void setup() {
  s = loadShape("bot.svg");
}

void draw() {
  shape(s, 10, 10, 80, 80);
}
]]></code>
</example>


<description><![CDATA[
Draws shapes to the display window. Shapes must be in the sketch's "data" directory to load correctly. Select "Add file..." from the "Sketch" menu to add the shape. Processing currently works with SVG, OBJ, and custom-created shapes. The <b>shape</b> parameter specifies the shape to display and the coordinate parameters define the location of the shape from its upper-left corner. The shape is displayed at its original size unless the <b>c</b> and <b>d</b> parameters specify a different size. The <b>shapeMode()</b> function can be used to change the way these parameters are interpreted.
]]></description>

</root>
