<?xml version="1.0" encoding="UTF-8" standalone="yes"?>
<root>

<name>values()</name>

<category>StringDict</category>

<subcategory>Method</subcategory>

<type>method</type>

<example>
<image></image>
<code><![CDATA[
StringDict inventory;

void setup() {
  size(200, 200);
  inventory = new StringDict();
  inventory.set("coffee","black");
  inventory.set("flour","white");
  inventory.set("tea","green");
  println(inventory); 
  for (String v : inventory.values()) {
    println(v);
  }
}

]]></code>
</example>

<description><![CDATA[
Return the internal array being used to store the values.
]]></description>

</root>
