<?xml version="1.0" encoding="UTF-8" standalone="yes"?>
<root>

<name>hasValue()</name>

<category>StringList</category>

<subcategory>Method</subcategory>

<type>method</type>

<example>
<image></image>
<code><![CDATA[
StringList inventory;

void setup() {
  size(200, 200);
  inventory = new StringList();
  inventory.append("coffee");
  inventory.append("flour");
  inventory.append("tea");
  println(inventory);
  if (inventory.hasValue("tea")) {
    println("Yes, we have tea"); 
  } else {
    println("Sorry, no tea");
  }
}

]]></code>
</example>

<description><![CDATA[
Check if a value is a part of the list.
]]></description>

</root>
