<?xml version="1.0" encoding="UTF-8" standalone="yes"?>
<root>

<name>size()</name>

<category>StringDict</category>

<subcategory>Method</subcategory>

<type>method</type>

<example>
<image></image>
<code><![CDATA[
StringDict inventory;

void setup() {
  size(200, 200);
  inventory = new StringDict();
  inventory.set("coffee","black");
  inventory.set("flour","white");
  inventory.set("tea","green");
  println(inventory);
  int s = inventory.size();
  println(s);
}

]]></code>
</example>

<description><![CDATA[
Returns the number of key/value pairs.
]]></description>

</root>
