<?xml version="1.0" encoding="UTF-8" standalone="yes"?>
<root>

<name>sortValues()</name>

<category>StringDict</category>

<subcategory>Method</subcategory>

<type>method</type>

<example>
<image></image>
<code><![CDATA[
StringDict inventory;

void setup() {
  size(200, 200);
  inventory = new StringDict();
  inventory.set("flour","white");
  inventory.set("coffee","black");
  inventory.set("tea","green");
  println(inventory);
  inventory.sortValues();
  println(inventory);
}

]]></code>
</example>

<description><![CDATA[
Sort by values in descending order.
]]></description>

</root>
