<?xml version="1.0" encoding="UTF-8" standalone="yes"?>
<root>

<name>toUpperCase()</name>

<category>String</category>

<subcategory>Method</subcategory>

<usage>Web &amp; Application</usage>

<example>
<image></image>
<code><![CDATA[
String str1 = "Cccp"; 
String str2 = "Rabbit"; 
str1 = str1.toUpperCase();
str2 = str2.toUpperCase();
println(str1 + ":" + str2);  // Prints "CCCP:RABBIT"
]]></code>
</example>

<description><![CDATA[
Converts all of the characters in the string to uppercase. For example, "abc" will convert to "ABC". 
]]></description>

<syntax>
<c>str</c>.toUpperCase()
</syntax>

<parameter>
<label>str</label>
<description><![CDATA[String: any variable of type String]]></description>
</parameter>

<returns>String</returns>

<related>
</related>

<availability>1.0</availability>

<type>Method</type>

<partof>Core</partof>


</root>
