<?xml version="1.0" encoding="UTF-8" standalone="yes"?>
<root>

<name>length()</name>

<category>String</category>

<subcategory>Method</subcategory>

<usage>Web &amp; Application</usage>

<example>
<image></image>
<code><![CDATA[
String str1 = "CCCP";
String str2 = "Rabbit";
int l1 = str1.length();
int l2 = str2.length();
println(l1 + ":" + l2);  // Prints "4:6"
]]></code>
</example>

<description><![CDATA[
Returns the total number of characters included in the <b>String</b> as an integer number.
<br /><br />
People are often confused by the use of <b>length()</b> to get the size of a String and <b>length</b> to get the size of an array. Notice the absence of the parentheses when working with arrays. 
]]></description>

<syntax>
<c>str</c>.length()
</syntax>

<parameter>
<label>str</label>
<description><![CDATA[String: any variable of type String]]></description>
</parameter>

<parameter>
<label></label>
<description></description>
</parameter>

<returns>int</returns>

<related>
</related>

<availability>1.0</availability>

<type>Method</type>

<partof>Core</partof>


</root>
