<?xml version="1.0" encoding="UTF-8" standalone="yes"?>
<root>

<name>array()</name>

<category>StringList</category>

<subcategory>Method</subcategory>

<type>method</type>

<example>
<image></image>
<code><![CDATA[
StringList inventory;

void setup() {
  size(200, 200);
  inventory = new StringList();
  inventory.append("coffee");
  inventory.append("tea");
  inventory.append("flour");
  println(inventory);
  inventory.sort();
  String[] sortedInventory = inventory.array();
  println(sortedInventory);
}


]]></code>
</example>

<description><![CDATA[
Create a new array with a copy of all the values.
]]></description>

</root>
