<?xml version="1.0" encoding="UTF-8" standalone="yes"?>
<root>

<name>matchRow()</name>

<category>Table</category>

<subcategory>Method</subcategory>

<type>method</type>

<example>
<image></image>
<code><![CDATA[
Table table;

void setup() {

  table = new Table();

  table.addColumn("name");
  table.addColumn("type");

  TableRow newRow = table.addRow();
  newRow.setString("name", "Lion");
  newRow.setString("type", "Mammal");

  newRow = table.addRow();
  newRow.setString("name", "Snake");
  newRow.setString("type", "Reptile");

  newRow = table.addRow();
  newRow.setString("name", "Mosquito");
  newRow.setString("type", "Insect");

  TableRow result = table.matchRow("R.*", "type");
  println(result.getString("name"));  // Prints "Snake"

}
]]></code>
</example>

<description><![CDATA[
Finds the first row in the <b>Table</b> that matches the regular expression provided, and returns a reference to that row.  Even if multiple rows are possible matches, only the first matching row is returned. The column to search may be specified by either its ID or title.
]]></description>

</root>
