<?xml version="1.0" encoding="UTF-8" standalone="yes"?>
<root>

<name>getColumnTitle()</name>

<category>TableRow</category>

<subcategory>Method</subcategory>

<type>method</type>

<example>
<image></image>
<code><![CDATA[
Table table;

void setup() {

  table = new Table();
  
  table.addColumn("number", Table.INT);
  table.addColumn("mass", Table.FLOAT);
  table.addColumn("name", Table.STRING);
  
  TableRow row = table.addRow();
  
  println(row.getColumnTitle(0));  // Prints "number"
  println(row.getColumnTitle(1));  // Prints "mass"
  println(row.getColumnTitle(2));  // Prints "name"
}
]]></code>
</example>

<description><![CDATA[
Returns the name for a column in a <b>TableRow</b> based on its ID (e.g. 0, 1, 2, etc.) 
]]></description>

</root>
