<?xml version="1.0" encoding="UTF-8" standalone="yes"?>
<root>

<name>getRowCount()</name>

<category>Table</category>

<subcategory>Method</subcategory>

<type>method</type>

<example>
<image></image>
<code><![CDATA[
Table table;

void setup() {

  table = new Table();
  
  table.addColumn("name");
  table.addColumn("type");
  
  println(table.getRowCount());  // Prints 0
  
  TableRow newRow = table.addRow();
  newRow.setString("name", "Lion");
  newRow.setString("type", "Mammal");
  println(table.getRowCount());  // Prints 1
  
  table.addRow();  // Creates a new blank row
  println(table.getRowCount());  // Prints 2
}
]]></code>
</example>

<description><![CDATA[
Returns the total number of rows in a table.
]]></description>

</root>
