<?xml version="1.0" encoding="UTF-8" standalone="yes"?>
<root>
<name>tan()</name>

<category>Math</category>

<subcategory>Trigonometry</subcategory>

<type></type>

<example>
<image>tan_.png</image>
<code><![CDATA[
float a = 0.0;
float inc = TWO_PI/50.0;

for (int i = 0; i < 100; i = i+2) {
  line(i, 50, i, 50+tan(a)*2.0);
  a = a + inc;
}
]]></code>
</example>

<description><![CDATA[
Calculates the ratio of the sine and cosine of an angle. This function expects the values of the <b>angle</b> parameter to be provided in radians (values from 0 to PI*2). Values are returned in the range <b>infinity</b> to <b>-infinity</b>.
]]></description>

</root>
