<?xml version="1.0" encoding="UTF-8" standalone="yes"?>
<!-- DON'T FORGET TO CHANGE THE ENCODING -->
<reference>

	<navigation>
		<index>Index</index>
		<cover>Cover</cover>
		<language>Language</language>
		<environment>Environment</environment>
		<libraries>Libraries</libraries>
		<comparison>Compare</comparison>
		<troubleshooting>Troubleshooting</troubleshooting>
		<changes>Changes</changes>
		<technotes>TechNotes</technotes>
		<abridged>Abridged</abridged>
		<complete>Extended</complete>
      <alphabetical>Alphabetical</alphabetical>
      <api>API</api>
		<az>A-Z</az>
	</navigation>
	
	<attributes>
		<Class>Class</Class>
		<Name>Name</Name>
		<Category>Category</Category>
		<Subcategory>Subcategory</Subcategory>
		<Usage>Usage</Usage>
		<Examples>Examples</Examples>
		<Description>Description</Description>
		<Syntax>Syntax</Syntax>
		<Fields>Fields</Fields>
		<Methods>Methods</Methods>
		<Constructors>Constructors</Constructors>
		<Parameters>Parameters</Parameters>
		<Returns>Returns</Returns>
		<Related>Related</Related>
		<Availability>Availability</Availability>
		<Type>Type</Type>
	</attributes>
	
	<categories>
        <cat name="Structure">Structure</cat>
        <cat name="Environment">Environment</cat>
        <cat name="Data">Data
		    <sub name="Primitive">Primitive</sub>
		    <sub name="Composite">Composite</sub>
            <sub name="Conversion">Conversion</sub>
            <sub name="String Functions">String Function</sub>
            <sub name="Array Functions">Array Function</sub>
        </cat>
        <cat name="Control">Control
            <sub name="Relational Operators">Relational Operators</sub>
            <sub name="Iteration">Iteration</sub>
            <sub name="Conditionals">Conditionals</sub>
            <sub name="Logical Operators">Logical Operators</sub>
        </cat>
        <cat name="Shape">Shape
            <sub name="2D Primitives">2D Primitives</sub>
            <sub name="Curves">Curves</sub>
            <sub name="3D Primitives">3D Primitives</sub>
            <sub name="Attributes">Attributes</sub>
            <sub name="Vertex">Vertex</sub>
        </cat>
        <cat name="Input">Input
            <sub name="Mouse">Mouse</sub>
            <sub name="Keyboard">Keyboard</sub>
            <sub name="Date &amp; Time">Date &amp; Time</sub>
            <sub name="Files">Files</sub>
            <sub name="Web">Web</sub>
        </cat>
        <cat name="Output">Output
            <sub name="Text Area">Text Area</sub>
            <sub name="Image">Image</sub>
            <sub name="Files">Files</sub>
        </cat>
        <cat name="Transform">Transform</cat>
		<cat name="Lights, Camera">Lights, Camera
            <sub name="Lights">Lights</sub>
            <sub name="Camera">Camera</sub>
            <sub name="Coordinates">Coordinates</sub>
            <sub name="Material Properties">Material Properties</sub>
        </cat>
        <cat name="Color">Color
            <sub name="Setting">Setting</sub>
            <sub name="Creating &amp; Reading">Creating &amp; Reading</sub>
        </cat>
        <cat name="Image">Image
            <sub name="Loading &amp; Displaying">Loading &amp; Displaying</sub>
            <sub name="Pixels">Pixels</sub>
        </cat>
		<cat name="Rendering">Rendering</cat>
        <cat name="Typography">Typography
            <sub name="Loading &amp; Displaying">Loading &amp; Displaying</sub>
            <sub name="Attributes">Attributes</sub>
        </cat>
        <cat name="Math">Math
            <sub name="Operators">Operators</sub>
            <sub name="Bitwise Operators">Bitwise Operators</sub>
            <sub name="Calculation">Calculation</sub>
            <sub name="Trigonometry">Trigonometry</sub>
            <sub name="Random">Random</sub>
        </cat>
        <cat name="Constants">Constants</cat>
	</categories>
	
	<meta>	
		<!-- A credit for you and/or you and your partner(s) in translation!! -->
		<!-- Such as "Translated from English to Russian by Olga Pashenkov" -->
		<translators></translators>
        
        <abridged_notice><strong>You are viewing the Abridged Reference.</strong> It omits description and functions for drawing in 3D and for detailed drawing and data manipulation. Click <a href="index_ext.html">Extended</a> above to view additional reference.</abridged_notice>
        
		<extended_notice><strong>You are viewing the Extended Reference.</strong> There's an <a href="./index.html">Abridged Reference</a> that is less complicated and a <a href="http://processing.github.io/processing-javadocs/core/">Developers Reference</a> that includes additional language elements.</extended_notice>
		
		<refheader>Language (API). The Processing Language has been designed to facilitate the creation of sophisticated visual and conceptual structures.</refheader>
		
		<!-- Information for bottom of the page -->
		<updated></updated>
		<caseyreas>Casey Reas</caseyreas>
		<benfry>Ben Fry</benfry>
		<and>and</and>
		<mit>Massachusetts Institute of Technology</mit>
		<ivrea>Interaction Design Institute Ivrea</ivrea>
		<open>Processing is an open project intiated by</open>
		
		<!-- Disclaimer and contact information -->
		<!-- Feel free to include your email address -->
		<disclaimer>Reference for Processing version 1.5. If you have a previous version, use the reference included with your software.</disclaimer>
		<contact>If you see any errors or have suggestions, <a href="https://github.com/processing/processing-docs/issues?state=open">please let us know</a>.
		If you prefer a more technical reference, visit the <a href="http://processing.github.io/processing-javadocs/core/">Processing Javadoc</a>.</contact>
	</meta>

</reference>
