<?xml version="1.0" encoding="UTF-8" standalone="yes"?>
<root>
<name>void</name>

<category>Structure</category>

<subcategory></subcategory>

<usage>Web &amp; Application</usage>

<example>
<image></image>
<code><![CDATA[
void setup() {  // setup() does not return a value
  size(200, 200);
}

void draw() {  // draw() does not return a value
  line(10, 100, 190, 100);
  drawCircle();
}

void drawCircle() {  // This function also does not return a value
  ellipse(30, 30, 50, 50);
}
]]></code>
</example>

<description><![CDATA[
Keyword used indicate that a function returns no value. Each function must either return a value of a specific datatype or use the keyword <b>void</b> to specify it returns nothing.
]]></description>

<syntax>
void <c>function</c> {
  <c>statements</c>
}
</syntax>

<parameter>
<label>function</label>
<description><![CDATA[any function that is being defined or implemented]]></description>
</parameter>

<parameter>
<label>statements</label>
<description><![CDATA[any valid statements]]></description>
</parameter>

<returns></returns>

<related></related>

<availability>1.0</availability>

<type>Keyword</type>

<partof>PDE</partof>








</root>
