<?xml version="1.0" encoding="UTF-8" standalone="yes"?>
<root>

<name>XML</name>

<category>Data</category>

<subcategory>Composite</subcategory>

<type></type>

<example>
<image></image>
<code><![CDATA[
// The following short XML file called "mammals.xml" is parsed 
// in the code below. It must be in the project's "data" folder.
//
// &lt;?xml version=&quot;1.0&quot;?&gt;
// &lt;mammals&gt;
//   &lt;animal id=&quot;0&quot; species=&quot;Capra hircus&quot;&gt;Goat&lt;/animal&gt;
//   &lt;animal id=&quot;1&quot; species=&quot;Panthera pardus&quot;&gt;Leopard&lt;/animal&gt;
//   &lt;animal id=&quot;2&quot; species=&quot;Equus zebra&quot;&gt;Zebra&lt;/animal&gt;
// &lt;/mammals&gt;

XML xml;

void setup() {
  xml = loadXML("mammals.xml");
  XML[] children = xml.getChildren("animal");

  for (int i = 0; i < children.length; i++) {
    int id = children[i].getInt("id");
    String coloring = children[i].getString("species");
    String name = children[i].getContent();
    println(id + ", " + coloring + ", " + name);
  }
}

// Sketch prints:
// 0, Capra hircus, Goat
// 1, Panthera pardus, Leopard
// 2, Equus zebra, Zebra
]]></code>
</example>

<description><![CDATA[
<b>XML</b> is a representation of an XML object, able to parse XML code. Use <b>loadXML()</b> to load external XML files and create <b>XML</b> objects.<br />
<br />
Only files encoded as UTF-8 (or plain ASCII) are parsed properly; the encoding parameter inside XML files is ignored.
]]></description>


<type>class</type>

</root>
