<?xml version="1.0" encoding="UTF-8" standalone="yes"?>
<root>

<name>getChild()</name>

<category>XMLElement</category>

<subcategory>Method</subcategory>

<type></type>

<example>
<image></image>
<code><![CDATA[
// The following short XML file called "mammals.xml" is parsed 
// in the code below. It must be in the project's "data" folder.
//
// &lt;?xml version=&quot;1.0&quot;?&gt;
// &lt;mammals&gt;
//   &lt;animal id=&quot;0&quot; species=&quot;Capra hircus&quot;&gt;Goat&lt;/animal&gt;
//   &lt;animal id=&quot;1&quot; species=&quot;Panthera pardus&quot;&gt;Leopard&lt;/animal&gt;
//   &lt;animal id=&quot;2&quot; species=&quot;Equus zebra&quot;&gt;Zebra&lt;/animal&gt;
// &lt;/mammals&gt;

XML xml;

void setup() {
  xml = loadXML("mammals.xml");
  XML firstChild = xml.getChild("animal");
  println(firstChild.getContent());
}

// Sketch prints:
// Goat
]]></code>
</example>

<description><![CDATA[
Returns the first of the element's children that matches the <b>name</b> parameter.  The name or path is a series of elements and sub-elements, separated by slashes.
]]></description>

</root>
