<?xml version="1.0" encoding="UTF-8" standalone="yes"?>
<root>

<name>getString()</name>

<category>XMLElement</category>

<subcategory>Method</subcategory>

<type></type>

<example>
<image></image>
<code><![CDATA[
// The following short XML file called "mammals.xml" is parsed 
// in the code below. It must be in the project's "data" folder.
//
// &lt;?xml version=&quot;1.0&quot;?&gt;
// &lt;mammals&gt;
//   &lt;animal id=&quot;0&quot; species=&quot;Capra hircus&quot;&gt;Goat&lt;/animal&gt;
//   &lt;animal id=&quot;1&quot; species=&quot;Panthera pardus&quot;&gt;Leopard&lt;/animal&gt;
//   &lt;animal id=&quot;2&quot; species=&quot;Equus zebra&quot;&gt;Zebra&lt;/animal&gt;
// &lt;/mammals&gt;

XML xml;

void setup() {
  xml = loadXML("mammals.xml");
  XML firstChild = xml.getChild("animal");
  println(firstChild.getString("species"));
}

// Sketch prints:
// Capra hircus
]]></code>
</example>

<description><![CDATA[
Returns an attribute value of the element as a String. If the <b>defaultValue</b> parameter is specified and the attribute doesn't exist, then <b>defaultValue</b> is returned. If no <b>defaultValue</b> is specified and the attribute doesn't exist, null is returned.
]]></description>

</root>
