<?xml version="1.0" encoding="UTF-8" standalone="yes"?>
<root>
<name>+= (add assign)</name>

<category>Math</category>

<subcategory>Operators</subcategory>

<usage>Web &amp; Application</usage>

<example>
<image></image>
<code><![CDATA[
int a = 50;
int b = 23;
a += b;  // Sets 'a' to 73
]]></code>
</example>

<description><![CDATA[
Combines addition with assignment. The expression <b>a += b</b> is equivalent to <b>a = a + b</b>. 
]]></description>

<syntax>
<c>value1</c> += <c>value2</c>
</syntax>

<parameter>
<label>value1</label>
<description><![CDATA[int or float]]></description>
</parameter>

<parameter>
<label>value2</label>
<description><![CDATA[any numerical value the same datatype as value1]]></description>
</parameter>

<returns></returns>

<related>
= (assign)
+ (add)
-= (subtract assign)
</related>

<availability>1.0</availability>

<type>Operator</type>

<partof>PDE</partof>








</root>
