<?xml version="1.0" encoding="UTF-8" standalone="yes"?>
<root>
<name>alpha()</name>

<category>Color</category>

<subcategory>Creating &amp; Reading</subcategory>

<type></type>

<example>
<image>alpha_.png</image>
<code><![CDATA[
noStroke();
color c = color(0, 126, 255, 102);
fill(c);
rect(15, 15, 35, 70);
float value = alpha(c);  // Sets 'value' to 102
fill(value);
rect(50, 15, 35, 70);
]]></code>
</example>

<description><![CDATA[
Extracts the alpha value from a color.
]]></description>

</root>
