<?xml version="1.0" encoding="UTF-8" standalone="yes"?>
<root>
<name>[] (array access)</name>

<category>Structure</category>

<subcategory></subcategory>

<usage>Web &amp; Application</usage>

<example>
<image></image>
<code><![CDATA[
int[] numbers = new int[3]; 
numbers[0] = 90; 
numbers[1] = 150; 
numbers[2] = 30; 
int a = numbers[0] + numbers[1]; // Sets variable 'a' to 240 
int b = numbers[1] + numbers[2]; // Sets variable 'b' to 180 
]]></code>
</example>

<description><![CDATA[
The array access operator is used to specify a location within an array. The data at this location can be defined with the syntax <b>array[element] = value</b> and read with the syntax <b>value = array[element]</b> as shown in the above example.
]]></description>

<syntax>
<c>datatype</c>[]
<c>array</c>[<c>element</c>]
</syntax>

<parameter>
<label>datatype</label>
<description><![CDATA[any primitive or compound datatype, including user-defined classes]]></description>
</parameter>

<parameter>
<label>array</label>
<description><![CDATA[any valid variable name]]></description>
</parameter>

<parameter>
<label>element</label>
<description><![CDATA[int: must not exceed the length of the array minus 1]]></description>
</parameter>

<returns></returns>

<related>
Array
</related>

<availability>1.0</availability>

<type>Operator</type>

<partof>PDE</partof>








</root>
