<?xml version="1.0" encoding="UTF-8" standalone="yes"?>
<root>
<name>bezier()</name>

<category>Shape</category>

<subcategory>Curves</subcategory>

<type></type>

<example>
<image>bezier_0.png</image>
<code><![CDATA[
noFill();
stroke(255, 102, 0);
line(85, 20, 10, 10);
line(90, 90, 15, 80);
stroke(0, 0, 0);
bezier(85, 20, 10, 10, 90, 90, 15, 80);
]]></code>
</example>

<example>
<image>bezier_1.png</image>
<code><![CDATA[
noFill();
stroke(255, 102, 0);
line(30, 20, 80, 5);
line(80, 75, 30, 75);
stroke(0, 0, 0);
bezier(30, 20,  80, 5,  80, 75,  30, 75);
]]></code>
</example>

<description><![CDATA[
Draws a Bezier curve on the screen. These curves are defined by a series of anchor and control points. The first two parameters specify the first anchor point and the last two parameters specify the other anchor point. The middle parameters specify the control points which define the shape of the curve. Bezier curves were developed by French engineer Pierre Bezier. Using the 3D version requires rendering with P3D (see the Environment reference for more information).
]]></description>

</root>
