<?xml version="1.0" encoding="UTF-8" standalone="yes"?>
<root>
<name>blendColor()</name>

<category>Color</category>

<subcategory>Creating &amp; Reading</subcategory>

<type></type>

<example>
<image>blendColor_.png</image>
<code><![CDATA[
color orange = color(204, 102, 0);
color blue = color(0, 102, 153);
color orangeblueadd = blendColor(orange, blue, ADD);
background(51);
noStroke();
fill(orange);
rect(14, 20, 20, 60);
fill(orangeblueadd);
rect(40, 20, 20, 60);
fill(blue);
rect(66, 20, 20, 60);
]]></code>
</example>

<description><![CDATA[
Blends two color values together based on the blending mode given as the <b>MODE</b> parameter. The possible modes are described in the reference for the <b>blend()</b> function.
]]></description>

</root>
