<?xml version="1.0" encoding="UTF-8" standalone="yes"?>
<root>
<name>byte()</name>

<category>Data</category>

<subcategory>Conversion</subcategory>

<example>
<image></image>
<code><![CDATA[
char c = 'E';
byte b = byte(c);
println(c + " : " + b);  // Prints "E : 69"

int i = 130;
b = byte(i);
println(i + " : " + b);  // Prints "130 : -126"
]]></code>
</example>

<description><![CDATA[
Converts any value of a primitive data type (<b>boolean</b>, <b>byte</b>, <b>char</b>, <b>color</b>, <b>double</b>, <b>float</b>, <b>int</b>, or <b>long</b>) to its byte representation. A byte can only be a whole number between <b>-128</b> and <b>127</b>, so when a value outside of this range is converted, it wraps around to the corresponding byte representation.  (For example, <b>byte(128)</b> evaluates to <b>-128</b>.)<br />
<br />
When an array of values is passed in, then a <b>byte</b> array of the same length is returned.
]]></description>

</root>
