<?xml version="1.0" encoding="UTF-8" standalone="yes"?>
<root>
    
<name>class</name>

<category>Structure</category>

<subcategory></subcategory>

<usage>Web &amp; Application</usage>
    
<example>
<image></image>
<code><![CDATA[
// Declare and construct two objects (h1, h2) from the class HLine 
HLine h1 = new HLine(20, 2.0); 
HLine h2 = new HLine(50, 2.5); 
 
void setup() 
{
  size(200, 200);
  frameRate(30);
}

void draw() { 
  background(204);
  h1.update(); 
  h2.update();  
} 
 
class HLine { 
  float ypos, speed; 
  HLine (float y, float s) {  
    ypos = y; 
    speed = s; 
  } 
  void update() { 
    ypos += speed; 
    if (ypos > height) { 
      ypos = 0; 
    } 
    line(0, ypos, width, ypos); 
  } 
} 
]]></code>
</example>
    
<description><![CDATA[
Keyword used to indicate the declaration of a class. A class is a composite of fields (data) and methods (functions that are a part of the class) which may be instantiated as objects. The first letter of a class name is usually uppercase to separate it from other kinds of variables. A related tutorial on <a href="http://download.oracle.com/javase/tutorial/java/concepts/index.html" target="_blank">Object-Oriented Programming</a> is hosted on the Oracle website.
]]></description>

<syntax>
class <c>ClassName</c> {
  <c>statements</c>
}
</syntax>
    
<parameter>
    <label>ClassName</label>
    <description><![CDATA[Any valid variable name]]></description>
</parameter>
    
<parameter>
    <label>statements</label>
    <description><![CDATA[any valid statements]]></description>
</parameter>
    
<returns></returns>

<related>Object</related>

<availability>1.0</availability>

<partof>PDE</partof>

</root>