<?xml version="1.0" encoding="UTF-8" standalone="yes"?>
<root>
<name>clear()</name>

<category>Color</category>

<subcategory>Setting</subcategory>

<type></type>

<example>
<image></image>
<code><![CDATA[
PGraphics pg;

void setup() {
  size(200, 200);
  pg = createGraphics(width, height);
}

void draw() {
  background(204);
  
  // Clear the PGraphics when the mouse is pressed
  if (mousePressed == true) {
    pg.beginDraw(); 
    pg.clear();
    pg.endDraw();
  } else {
    pg.beginDraw();
    pg.stroke(0, 102, 153);
    pg.line(width/2, height/2, mouseX, mouseY);
    pg.endDraw();
  }

  image(pg, 0, 0);
}
]]></code>
</example>

<description><![CDATA[
Clears the pixels within a buffer. This function only works on <b>PGraphics</b> objects created with the <b>createGraphics()</b> function. Unlike the main graphics context (the display window), pixels in additional graphics areas created with <b>createGraphics()</b> can be entirely or partially transparent. This function clears everything in a <b>PGraphics</b> object to make all of the pixels 100% transparent.
]]></description>

</root>
