<?xml version="1.0" encoding="UTF-8" standalone="yes"?>
<root>
<name>createWriter()</name>

<category>Output</category>

<subcategory>Files</subcategory>

<type></type>

<example>
<image></image>
<code><![CDATA[
PrintWriter output;

void setup() {
  // Create a new file in the sketch directory
  output = createWriter("positions.txt"); 
}

void draw() {
  point(mouseX, mouseY);
  output.println(mouseX + "\t" + mouseY); // Write the coordinate to the file
}

void keyPressed() {
  output.flush(); // Writes the remaining data to the file
  output.close(); // Finishes the file
  exit(); // Stops the program
}

]]></code>
</example>

<description><![CDATA[
Creates a new file in the sketch folder, and a <b>PrintWriter</b> object to write to it. For the file to be made correctly, it should be flushed and must be closed with its <b>flush()</b> and <b>close()</b> methods (see above example). 
<br /> <br />
Starting with Processing release 0134, all files loaded and saved by the Processing API use UTF-8 encoding. In previous releases, the default encoding for your platform was used, which causes problems when files are moved to other platforms.
]]></description>

</root>
