<?xml version="1.0" encoding="UTF-8" standalone="yes"?>
<root>
<name>curveDetail()</name>

<category>Shape</category>

<subcategory>Curves</subcategory>

<type></type>

<example>
<image>curveDetail_.png</image>
<code><![CDATA[
void setup() {
  size(100, 100, P3D);
  noFill();
  noLoop();
}

void draw() {
  curveDetail(1);
  drawCurves(-15);
  stroke(126);
  curveDetail(2);
  drawCurves(0);
  stroke(255);
  curveDetail(4);
  drawCurves(15);
}

void drawCurves(float y) {
  curve( 5, 28+y,  5, 28+y, 73, 26+y, 73, 63+y);
  curve( 5, 28+y, 73, 26+y, 73, 63+y, 15, 67+y); 
  curve(73, 26+y, 73, 63+y, 15, 67+y, 15, 67+y);
}

]]></code>
</example>

<description><![CDATA[
Sets the resolution at which curves display. The default value is 20. This function is only useful when using the P3D renderer as the default P2D renderer does not use this information.
]]></description>

</root>
