<?xml version="1.0" encoding="UTF-8" standalone="yes"?>
<root>
<name>curvePoint()</name>

<category>Shape</category>

<subcategory>Curves</subcategory>

<type></type>

<example>
<image>curvePoint_.png</image>
<code><![CDATA[
noFill();
curve(5, 26, 5, 26, 73, 24, 73, 61);
curve(5, 26, 73, 24, 73, 61, 15, 65);
fill(255);
ellipseMode(CENTER);
int steps = 6;
for (int i = 0; i <= steps; i++) {
  float t = i / float(steps);
  float x = curvePoint(5, 5, 73, 73, t);
  float y = curvePoint(26, 26, 24, 61, t);
  ellipse(x, y, 5, 5);
  x = curvePoint(5, 73, 73, 15, t);
  y = curvePoint(26, 24, 61, 65, t);
  ellipse(x, y, 5, 5);
}
]]></code>
</example>

<description><![CDATA[
Evaluates the curve at point <b>t</b> for points <b>a</b>, <b>b</b>, <b>c</b>, <b>d</b>. The parameter <b>t</b> may range from 0 (the start of the curve) and 1 (the end of the curve). <b>a</b> and <b>d</b> are the control points, and <b>b</b> and <b>c</b> are points on the curve. As seen in the example above, this can be used once with the <b>x</b> coordinates and a second time with the <b>y</b> coordinates to get the location of a curve at <b>t</b>.
]]></description>

</root>
