<?xml version="1.0" encoding="UTF-8" standalone="yes"?>
<root>
<name>dist()</name>

<category>Math</category>

<subcategory>Calculation</subcategory>

<type></type>

<example>
<image></image>
<code><![CDATA[
// Sets the background gray value based on the distance 
// of the mouse from the center of the screen
void draw() {
  noStroke();
  float d = dist(width/2, height/2, mouseX, mouseY);
  float maxDist = dist(0, 0, width/2, height/2);
  float gray = map(d, 0, maxDist, 0, 255);
  fill(gray);
  rect(0, 0, width, height);
}
]]></code>
</example>

<description><![CDATA[
Calculates the distance between two points.
]]></description>

</root>
