<?xml version="1.0" encoding="UTF-8" standalone="yes"?>
<root>
<name>/** */ (doc comment)</name>

<category>Structure</category>

<subcategory></subcategory>

<usage>Web &amp; Application</usage>

<example>
<image></image>
<code><![CDATA[
/**
   Draws two lines which divides the window 
   into four quadrants. First draws a horizontal
   line and then the vertical line 
*/ 
line(0, 50, 100, 50);
line(50, 0, 50, 100);
]]></code>
</example>

<description><![CDATA[
Explanatory notes embedded within the code and written to the "index.html" file created when the code is exported. Doc comments (documentation comments) are used for sharing a description of your sketch when the program is exported. Export the code by hitting the "Export" button on the Toolbar.
]]></description>

<syntax>
/**
  <c>comment</c>
*/
</syntax>

<parameter>
<label>comment</label>
<description><![CDATA[any sequence of characters]]></description>
</parameter>

<returns></returns>

<related>
// (comment)
/* */ (multiline comment)
</related>

<availability>1.0</availability>

<type>Operator</type>

<partof>PDE</partof>








</root>
