<?xml version="1.0" encoding="UTF-8" standalone="yes"?>
<root>
<name>draw()</name>

<category>Structure</category>

<subcategory></subcategory>

<type>p5function</type>

<example>
<image></image>
<code><![CDATA[
float yPos = 0.0;

void setup() {  // setup() runs once
  size(200, 200);
  frameRate(30);
}
 
void draw() {  // draw() loops forever, until stopped
  background(204);
  yPos = yPos - 1.0;
  if (yPos < 0) {
    yPos = height;
  }
  line(0, yPos, width, yPos);
}
]]></code>
</example>

<example>
<image></image>
<code><![CDATA[
void setup() {
  size(200, 200);
}

// Although empty here, draw() is needed so
// the sketch can process user input events
// (mouse presses in this case).
void draw() { }

void mousePressed() {
  line(mouseX, 10, mouseX, 90);
}
]]></code>
</example>

<description><![CDATA[
Called directly after <b>setup()</b>, the <b>draw()</b> function continuously executes the lines of code contained inside its block until the program is stopped or <b>noLoop()</b> is called. <b>draw()</b> is called automatically and should never be called explicitly. All Processing programs update the screen at the end of draw(), never earlier.<br />
<br />
To stop the code inside of <b>draw()</b> from running continuously, use <b>noLoop()</b>, <b>redraw()</b> and <b>loop()</b>. If <b>noLoop()</b> is used to stop the code in <b>draw()</b> from running, then <b>redraw()</b> will cause the code inside <b>draw()</b> to run a single time, and <b>loop()</b> will cause the code inside <b>draw()</b> to resume running continuously.<br />
<br />
The number of times <b>draw()</b> executes in each second may be controlled with the <b>frameRate()</b> function.<br />
<br />
It is common to call <b>background()</b> near the beginning of the <b>draw()</b> loop to clear the contents of the window, as shown in the first example above.  Since pixels drawn to the window are cumulative, omitting <b>background()</b> may result in unintended results.<br />
<br />
There can only be one <b>draw()</b> function for each sketch, and <b>draw()</b> must exist if you want the code to run continuously, or to process events such as <b>mousePressed()</b>. Sometimes, you might have an empty call to <b>draw()</b> in your program, as shown in the second example above. 
]]></description>

</root>
