<?xml version="1.0" encoding="UTF-8" standalone="yes"?>
<root>
<name>endShape()</name>

<category>Shape</category>

<subcategory>Vertex</subcategory>

<type></type>

<example>
<image>endShape_.png</image>
<code><![CDATA[
noFill();

beginShape();
vertex(20, 20);
vertex(45, 20);
vertex(45, 80);
endShape(CLOSE);

beginShape();
vertex(50, 20);
vertex(75, 20);
vertex(75, 80);
endShape();
]]></code>
</example>

<description><![CDATA[
The <b>endShape()</b> function is the companion to <b>beginShape()</b> and may only be called after <b>beginShape()</b>. When <b>endShape()</b> is called, all of image data defined since the previous call to <b>beginShape()</b> is written into the image buffer. The constant CLOSE as the value for the MODE parameter to close the shape (to connect the beginning and the end). 
]]></description>

</root>
