<?xml version="1.0" encoding="UTF-8" standalone="yes"?>
<root>
<name>exit()</name>

<category>Structure</category>

<subcategory></subcategory>

<type></type>

<example>
<image></image>
<code><![CDATA[
void draw() {
  line(mouseX, mouseY, 50, 50);
}

void mousePressed() {
  exit(); 
}
]]></code>
</example>

<description><![CDATA[
Quits/stops/exits the program. Programs without a <b>draw()</b> function stop automatically after the last line has run, but programs with <b>draw()</b> run continuously until the program is manually stopped or <b>exit()</b> is run.<br />
<br />
Rather than terminating immediately, <b>exit()</b> will cause the sketch to exit after <b>draw()</b> has completed (or after <b>setup()</b> completes if called during the <b>setup()</b> function).<br />
<br />
For Java programmers, this is <em>not</em> the same as System.exit(). Further, System.exit() should not be used because closing out an application while <b>draw()</b> is running may cause a crash (particularly with P3D).
]]></description>

</root>
