<?xml version="1.0" encoding="UTF-8" standalone="yes"?>
<root>
<name>fill()</name>

<category>Color</category>

<subcategory>Setting</subcategory>

<type></type>

<example>
<image>fill_0.png</image>
<code><![CDATA[
fill(153);
rect(30, 20, 55, 55);
]]></code>
</example>

<example>
<image>fill_1.png</image>
<code><![CDATA[
fill(204, 102, 0);
rect(30, 20, 55, 55);
]]></code>
</example>

<description><![CDATA[
Sets the color used to fill shapes. For example, if you run <b>fill(204, 102, 0)</b>, all subsequent shapes will be filled with orange. This color is either specified in terms of the RGB or HSB color depending on the current <b>colorMode()</b>. The default color space is RGB, with each value in the range from 0 to 255.
<br /><br />
When using hexadecimal notation to specify a color, use "<b>#</b>" or "<b>0x</b>" before the values (e.g., <b>#CCFFAA</b> or <b>0xFFCCFFAA</b>). The <b>#</b> syntax uses six digits to specify a color (just as colors are typically specified in HTML and CSS). When using the hexadecimal notation starting with "<b>0x</b>", the hexadecimal value must be specified with eight characters; the first two characters define the alpha component, and the remainder define the red, green, and blue components. 
<br /><br />
The value for the "gray" parameter must be less than or equal to the current maximum value as specified by <b>colorMode()</b>. The default maximum value is 255.
<br /><br />
To change the color of an image or a texture, use <b>tint()</b>.
]]></description>

</root>
