<?xml version="1.0" encoding="UTF-8" standalone="yes"?>
<root>

<name>filter()</name>

<category>Image</category>

<subcategory>Pixels</subcategory>

<type></type>

<example>
<image>filter_0_threshold.png</image>
<code><![CDATA[
PImage img;
img = loadImage("apples.jpg");
image(img, 0, 0);
filter(THRESHOLD);
]]></code>
</example>

<example>
<image>filter_1_gray.png</image>
<code><![CDATA[
PImage img;
img = loadImage("apples.jpg");
image(img, 0, 0);
filter(GRAY);
]]></code>
</example>

<example>
<image>filter_2_invert.png</image>
<code><![CDATA[
PImage img;
img = loadImage("apples.jpg");
image(img, 0, 0);
filter(INVERT);
]]></code>
</example>

<example>
<image>filter_3_posterize.png</image>
<code><![CDATA[
PImage img;
img = loadImage("apples.jpg");
image(img, 0, 0);
filter(POSTERIZE, 4);
]]></code>
</example>

<example>
<image>filter_4_blur.png</image>
<code><![CDATA[
PImage img;
img = loadImage("apples.jpg");
image(img, 0, 0);
filter(BLUR, 6);
]]></code>
</example>

<example>
<image>filter_5_erode.png</image>
<code><![CDATA[
PImage img;
img = loadImage("apples.jpg");
image(img, 0, 0);
filter(ERODE);
]]></code>
</example>

<example>
<image>filter_6_dilate.png</image>
<code><![CDATA[
PImage img;
img = loadImage("apples.jpg");
image(img, 0, 0);
filter(DILATE);
]]></code>
</example>

<example>
<image>filter_4_blur.png</image>
<code><![CDATA[
PShader blur;
PImage img;

void setup() {
  size(100, 100, P2D);
  blur = loadShader("blur.glsl");
  img = loadImage("apples.jpg");
  image(img, 0, 0); 
}

void draw() {
  filter(blur); // Blurs more each time through draw()
}
]]></code>
</example>

<description><![CDATA[
Filters the display window using a preset filter or with a custom shader. Using a shader with <b>filter()</b> is much faster than without. Shaders require the P2D or P3D renderer in size().<br />
<br />
The presets options are:<br />
<br />
THRESHOLD<br />
Converts the image to black and white pixels depending if they are above or below the threshold defined by the level parameter. The parameter must be between 0.0 (black) and 1.0 (white). If no level is specified, 0.5 is used.<br />
<br />
GRAY<br />
Converts any colors in the image to grayscale equivalents. No parameter is used.<br />
<br />
OPAQUE<br />
Sets the alpha channel to entirely opaque. No parameter is used.<br />
<br />
INVERT<br />
Sets each pixel to its inverse value. No parameter is used.<br />
<br />
POSTERIZE<br />
Limits each channel of the image to the number of colors specified as the parameter. The parameter can be set to values between 2 and 255, but results are most noticeable in the lower ranges.<br />
<br />
BLUR<br />
Executes a Guassian blur with the level parameter specifying the extent of the blurring. If no parameter is used, the blur is equivalent to Guassian blur of radius 1. Larger values increase the blur.<br />
<br />
ERODE<br />
Reduces the light areas. No parameter is used.<br />
<br />
DILATE<br />
Increases the light areas. No parameter is used.
]]></description>

</root>
