<?xml version="1.0" encoding="UTF-8" standalone="yes"?>
<root>

<name>remove()</name>

<category>FloatDict</category>

<subcategory>Method</subcategory>

<type>method</type>

<example>
<image></image>
<code><![CDATA[
FloatDict inventory;

void setup() {
  size(200, 200);
  inventory = new FloatDict();
  inventory.set("coffee",108.6);
  inventory.set("flour",5.8);
  inventory.set("tea",8.2);
  println(inventory);  // Full inventory
  inventory.remove("flour");
  println(inventory);  // Flour is removed from list
}

]]></code>
</example>

<description><![CDATA[
Remove a key/value pair.
]]></description>

</root>
