<?xml version="1.0" encoding="UTF-8" standalone="yes"?>
<root>

<name>get()</name>

<category>FloatDict</category>

<subcategory>Method</subcategory>

<type>method</type>

<example>
<image></image>
<code><![CDATA[
FloatDict inventory;

void setup() {
  size(200, 200);
  inventory = new FloatDict();
  inventory.set("coffee",108.6);
  inventory.set("flour",5.8);
  inventory.set("tea",8.2);
  println(inventory);
  noLoop();
  fill(0);
  textAlign(CENTER);
}

void draw() {
  float coffeeWeight = inventory.get("coffee");
  text(coffeeWeight, width/2, height/2);
}

]]></code>
</example>

<description><![CDATA[
Return a value for the specified key.
]]></description>

</root>
