<?xml version="1.0" encoding="UTF-8" standalone="yes"?>
<root>

<name>valueArray()</name>

<category>FloatDict</category>

<subcategory>Method</subcategory>

<type>method</type>

<example>
<image></image>
<code><![CDATA[
FloatDict inventory;

void setup() {
  size(200, 200);
  inventory = new FloatDict();
  inventory.set("coffee",108.6);
  inventory.set("flour",5.8);
  inventory.set("tea",8.2);
  println(inventory);
  float[] amounts = inventory.valueArray();
  println(amounts);
}

]]></code>
</example>

<description><![CDATA[
The version of this method without a parameter creates a new 
array and copies each of the values into it. The version with
the <b>float[]</b> parameters fills an already-allocated array with the 
values (more efficient than creating a new array each time). 
If 'array' is null, or not the same size as the number of values, 
a new array will be allocated and returned.
]]></description>

</root>
