<?xml version="1.0" encoding="UTF-8" standalone="yes"?>
<root>

<name>values()</name>

<category>FloatDict</category>

<subcategory>Method</subcategory>

<type>method</type>

<example>
<image></image>
<code><![CDATA[
FloatDict inventory;

void setup() {
  size(200, 200);
  inventory = new FloatDict();
  inventory.set("coffee",108.6);
  inventory.set("flour",5.8);
  inventory.set("tea",8.2);
  println(inventory); 
  for (float f : inventory.values()) {
    println(f);
  }
}

]]></code>
</example>

<description><![CDATA[
Return the internal array being used to store the values.
]]></description>

</root>
