<?xml version="1.0" encoding="UTF-8" standalone="yes"?>
<root>

<name>sortKeys()</name>

<category>FloatDict</category>

<subcategory>Method</subcategory>

<type>method</type>

<example>
<image></image>
<code><![CDATA[
FloatDict inventory;

void setup() {
  size(200, 200);
  inventory = new FloatDict();
  inventory.set("coffee",108.6);
  inventory.set("flour",5.8);
  inventory.set("tea",8.2);
  println(inventory);
  inventory.sortKeys();
  println(inventory);
}

]]></code>
</example>

<description><![CDATA[
Sort the keys alphabetically (ignoring case). Uses the value as 
a tie-breaker (only really possible with a key that has a case change).
]]></description>

</root>
