<?xml version="1.0" encoding="UTF-8" standalone="yes"?>
<root>

<name>array()</name>

<category>FloatList</category>

<subcategory>Method</subcategory>

<type>method</type>

<example>
<image></image>
<code><![CDATA[
FloatList inventory;

void setup() {
  size(200, 200);
  inventory = new FloatList();
  inventory.append(108.6);
  inventory.append(5.8);
  inventory.append(8.2);
  println(inventory);
  inventory.sort();
  float[] sortedInventory = inventory.array();
  println(sortedInventory);
}

]]></code>
</example>

<description><![CDATA[
Create a new array with a copy of all the values.
]]></description>

</root>
