<?xml version="1.0" encoding="UTF-8" standalone="yes"?>
<root>

<name>FloatDict</name>

<category>Data</category>

<subcategory>Composite</subcategory>

<type></type>

<example>
<image></image>
<code><![CDATA[
FloatDict inventory;

void setup() {
  size(200, 200);
  inventory = new FloatDict();
  inventory.set("coffee",108.6);
  inventory.set("flour",5.8);
  inventory.set("tea",8.2);
  println(inventory);
  noLoop();
  fill(0);
  textAlign(CENTER);
}

void draw() {
  float weight = inventory.get("coffee");
  text(weight, width/2, height/2);
}

]]></code>
</example>

<description><![CDATA[
A simple class to use a String as a lookup for an float value. String "keys" are associated with floating-point values.
]]></description>


<type>class</type>

</root>
