<?xml version="1.0" encoding="UTF-8" standalone="yes"?>
<root>
<name>frameCount</name>

<category>Environment</category>

<subcategory></subcategory>

<type>variable</type>

<example>
<image></image>
<code><![CDATA[
void setup() {
  frameRate(30);
}

void draw() {
  line(0, 0, width, height);
  println(frameCount);
}
]]></code>
</example>

<description><![CDATA[
The system variable <b>frameCount</b> contains the number of frames that have been displayed since the program started. Inside <b>setup()</b> the value is 0, after the first iteration of draw it is 1, etc.
]]></description>

</root>
