<?xml version="1.0" encoding="UTF-8" standalone="yes"?>
<root>
<name>hour()</name>

<category>Input</category>

<subcategory>Time &amp; Date</subcategory>

<type></type>

<example>
<image></image>
<code><![CDATA[
void draw() {
  background(204);
  int s = second();  // Values from 0 - 59
  int m = minute();  // Values from 0 - 59
  int h = hour();    // Values from 0 - 23
  line(s, 0, s, 33);
  line(m, 33, m, 66);
  line(h, 66, h, 100);
}
]]></code>
</example>

<description><![CDATA[
Processing communicates with the clock on your computer. The <b>hour()</b> function returns the current hour as a value from 0 - 23.
]]></description>

</root>
