<?xml version="1.0" encoding="UTF-8" standalone="yes"?>
<root>
<name>!= (inequality)</name>

<category>Control</category>

<subcategory>Relational Operators</subcategory>

<usage>Web &amp; Application</usage>

<example>
<image></image>
<code><![CDATA[
int a = 22;
int b = 23;
if (a != b) {
  println("variable a is not equal to variable b");
}
]]></code>
</example>

<description><![CDATA[
Determines if one expression is not equivalent to another.
]]></description>

<syntax>
<c>value1</c> != <c>value2</c>
</syntax>

<parameter>
<label>value1</label>
<description><![CDATA[int, float, char, byte, boolean]]></description>
</parameter>

<parameter>
<label>value2</label>
<description><![CDATA[int, float, char, byte, boolean]]></description>
</parameter>

<returns></returns>

<related>
&gt; (greater than)
&lt; (less than)
&gt;= (greater than or equal to)
&lt;= (less than or equal to)
== (equality)
</related>

<availability>1.0</availability>

<type>Operator</type>

<partof>PDE</partof>









</root>
