<?xml version="1.0" encoding="UTF-8" standalone="yes"?>
<root>

<name>sortKeys()</name>

<category>IntDict</category>

<subcategory>Method</subcategory>

<type>method</type>

<example>
<image></image>
<code><![CDATA[
IntDict inventory;

void setup() {
  size(200, 200);
  inventory = new IntDict();
  inventory.set("cd", 84);
  inventory.set("tapes", 15);
  inventory.set("records", 102);
  println(inventory);
  inventory.sortKeys();
  println(inventory);
}

]]></code>
</example>

<description><![CDATA[
Sort the keys alphabetically (ignoring case). Uses the value as 
a tie-breaker (only really possible with a key that has a case change).
]]></description>

</root>
