<?xml version="1.0" encoding="UTF-8" standalone="yes"?>
<root>

<name>div()</name>

<category>IntDict</category>

<subcategory>Method</subcategory>

<type>method</type>

<example>
<image></image>
<code><![CDATA[
IntDict inventory;

void setup() {
  size(200, 200);
  inventory = new IntDict();
  inventory.set("cd", 84);
  inventory.set("tapes", 15);
  inventory.set("records", 102);
  println(inventory);  // There are 84 cds
  inventory.div("cd", 2);
  println(inventory);  // There are 42 cds
}

]]></code>
</example>

<description><![CDATA[
Divide a value.
]]></description>

</root>
