<?xml version="1.0" encoding="UTF-8" standalone="yes"?>
<root>

<name>increment()</name>

<category>IntDict</category>

<subcategory>Method</subcategory>

<type>method</type>

<example>
<image></image>
<code><![CDATA[
IntDict inventory;

void setup() {
  size(200, 200);
  inventory = new IntDict();
  inventory.set("cd", 84);
  inventory.set("tapes", 15);
  inventory.set("records", 102);
  println(inventory);  // There are 15 tapes
  inventory.increment("tapes");
  println(inventory);  // There are now 16 tapes
}

]]></code>
</example>

<description><![CDATA[
Increase the value of a specific key value by 1
]]></description>

</root>
