<?xml version="1.0" encoding="UTF-8" standalone="yes"?>
<root>

<name>remove()</name>

<category>IntDict</category>

<subcategory>Method</subcategory>

<type>method</type>

<example>
<image></image>
<code><![CDATA[
IntDict inventory;

void setup() {
  size(200, 200);
  inventory = new IntDict();
  inventory.set("cd", 84);
  inventory.set("tapes", 15);
  inventory.set("records", 102);
  println(inventory);  // Full inventory
  inventory.remove("tapes");
  println(inventory);  // Tapes are removed from list
}

]]></code>
</example>

<description><![CDATA[
Remove a key/value pair.
]]></description>

</root>
