<?xml version="1.0" encoding="UTF-8" standalone="yes"?>
<root>

<name>sort()</name>

<category>IntList</category>

<subcategory>Method</subcategory>

<type>method</type>

<example>
<image></image>
<code><![CDATA[
IntList inventory;

void setup() {
  size(200, 200);
  inventory = new IntList();
  inventory.append(84);
  inventory.append(15);
  inventory.append(102);
  println(inventory);
  inventory.sort();  // Orders to 15, 84, 102
  println(inventory);  
}

]]></code>
</example>

<description><![CDATA[
Sorts the array, lowest to highest
]]></description>

</root>
