<?xml version="1.0" encoding="UTF-8" standalone="yes"?>
<root>

<name>setString()</name>

<category>JSONArray</category>

<subcategory>Method</subcategory>

<type>method</type>

<example>
<image></image>
<code><![CDATA[
JSONArray json;

void setup() {

  json = new JSONArray();

  json.setInt(0, 32);
  json.setFloat(1, 1.5);
  json.setString(2, "grape");
  json.setBoolean(3, true);

  println(json);
}

// Sketch prints:
// [
//   32,
//   1.5,
//   "grape",
//   true
// ]
]]></code>
</example>

<description><![CDATA[
Inserts a new value into the <b>JSONArray</b> at the specified index position. If a value already exists in the specified position, the new value overwrites the old value. If the given index is greater than the length of the <b>JSONArray</b>, then null elements will be added as necessary to pad it out.
]]></description>

</root>
