<?xml version="1.0" encoding="UTF-8" standalone="yes"?>
<root>
<name>lerpColor()</name>

<category>Color</category>

<subcategory>Creating &amp; Reading</subcategory>

<type></type>

<example>
<image>lerpColor_.png</image>
<code><![CDATA[
stroke(255);
background(51);
color from = color(204, 102, 0);
color to = color(0, 102, 153);
color interA = lerpColor(from, to, .33);
color interB = lerpColor(from, to, .66);
fill(from);
rect(10, 20, 20, 60);
fill(interA);
rect(30, 20, 20, 60);
fill(interB);
rect(50, 20, 20, 60);
fill(to);
rect(70, 20, 20, 60);
]]></code>
</example>

<description><![CDATA[
Calculates a color between two colors at a specific increment. The <b>amt</b> parameter is the amount to interpolate between the two values where 0.0 is equal to the first point, 0.1 is very near the first point, 0.5 is halfway in between, etc. 
<br />
An amount below 0 will be treated as 0. Likewise, amounts above 1 will be capped at 1. This is different from the behavior of lerp(), but necessary because otherwise numbers outside the range will produce strange and unexpected colors.
]]></description>

</root>
