<?xml version="1.0" encoding="UTF-8" standalone="yes"?>
<root>
<name>loadJSONArray()</name>

<category>Input</category>

<subcategory>Files</subcategory>

<type></type>

<example>
<image></image>
<code><![CDATA[
// The following short JSON file called "data.json" is parsed 
// in the code below. It must be in the project's "data" folder.

/*
[
  {
    "id": 0,
    "species": "Capra hircus",
    "name": "Goat"
  },
  {
    "id": 1,
    "species": "Panthera pardus",
    "name": "Leopard"
  },
  {
    "id": 2,
    "species": "Equus zebra",
    "name": "Zebra"
  }
]
*/

JSONArray values;

void setup() {

  values = loadJSONArray("data.json");

  for (int i = 0; i < values.size(); i++) {
    
    JSONObject animal = values.getJSONObject(i); 

    int id = animal.getInt("id");
    String species = animal.getString("species");
    String name = animal.getString("name");

    println(id + ", " + species + ", " + name);
  }
}

// Sketch prints:
// 0, Capra hircus, Goat
// 1, Panthera pardus, Leopard
// 2, Equus zebra, Zebra
]]></code>
</example>

<description><![CDATA[
Loads an array of JSON objects from the data folder or a URL, and returns a <b>JSONArray</b>.  Per standard JSON syntax, the array must be enclosed in a pair of hard brackets <b>[]</b>, and each object within the array must be separated by a comma.<br />
<br />
All files loaded and saved by the Processing API use UTF-8 encoding.
]]></description>

</root>
