<?xml version="1.0" encoding="UTF-8" standalone="yes"?>
<root>
<name>loadShape()</name>

<category>Shape</category>

<subcategory>Loading &amp; Displaying</subcategory>

<type></type>

<example>
<image></image>
<code><![CDATA[
PShape s;

void setup() {
  size(100, 100);
  // The file "bot.svg" must be in the data folder
  // of the current sketch to load successfully
  s = loadShape("bot.svg");
}

void draw() {
  shape(s, 10, 10, 80, 80);
}
]]></code>
</example>

<example>
<image></image>
<code><![CDATA[
PShape s;

void setup() {
  size(100, 100, P3D);
  // The file "bot.obj" must be in the data folder
  // of the current sketch to load successfully
  s = loadShape("bot.obj");
}

void draw() {
  background(204);
  translate(width/2, height/2);
  shape(s, 0, 0);
}
]]></code>
</example>


<description><![CDATA[
Loads geometry into a variable of type <b>PShape</b>. SVG and OBJ files may be loaded. To load correctly, the file must be located in the data directory of the current sketch. In most cases, <b>loadShape()</b> should be used inside <b>setup()</b> because loading shapes inside <b>draw()</b> will reduce the speed of a sketch.<br />
<br />
Alternatively, the file maybe be loaded from anywhere on the local computer using an absolute path (something that starts with / on Unix and Linux, or a drive letter on Windows), or the filename parameter can be a URL for a file found on a network.<br />
<br />
If the file is not available or an error occurs, <b>null</b> will be returned and an error message will be printed to the console. The error message does not halt the program, however the null value may cause a NullPointerException if your code does not check whether the value returned is null.<br />
]]></description>

</root>
