<?xml version="1.0" encoding="UTF-8" standalone="yes"?>
<root>
<name>min()</name>

<category>Math</category>

<subcategory>Calculation</subcategory>

<type></type>

<example>
<image></image>
<code><![CDATA[
int d = min(5, 9);            // Sets 'd' to 5
int e = min(-4, -12);         // Sets 'e' to -12
float f = min(12.3, 230.24);  // Sets 'f' to 12.3
]]></code>
</example>

<example>
<image></image>
<code><![CDATA[
int[] values = { 5, 1, 2, -3 };  // Create an array of ints
int h = min(values);             // Sets 'h' to -3
]]></code>
</example>

<description><![CDATA[
Determines the smallest value in a sequence of numbers, and then returns that value. <b>min()</b> accepts either two or three <b>float</b> or <b>int</b> values as parameters, or an array of any length.
]]></description>

</root>
