<?xml version="1.0" encoding="UTF-8" standalone="yes"?>
<root>
<name>mouseX</name>

<category>Input</category>

<subcategory>Mouse</subcategory>

<type>variable</type>

<example>
<image></image>
<code><![CDATA[
void draw() {
  background(204);
  line(mouseX, 20, mouseX, 80);
}
]]></code>
</example>

<description><![CDATA[
The system variable <b>mouseX</b> always contains the current horizontal coordinate of the mouse.
<br /><br />
Note that Processing can only track the mouse position when the pointer is over the current window. The default value of <b>mouseX</b> is <b>0</b>, so <b>0</b> will be returned until the mouse moves in front of the sketch window. (This typically happens when a sketch is first run.)  Once the mouse moves away from the window, <b>mouseX</b> will continue to report its most recent position.
]]></description>

</root>
