<?xml version="1.0" encoding="UTF-8" standalone="yes"?>
<root>
<name>mouseButton</name>

<category>Input</category>

<subcategory>Mouse</subcategory>

<type>variable</type>

<example>
<image></image>
<code><![CDATA[
// Click within the image and press
// the left and right mouse buttons to 
// change the value of the rectangle
void draw() {
  if (mousePressed && (mouseButton == LEFT)) {
    fill(0);
  } else if (mousePressed && (mouseButton == RIGHT)) {
    fill(255);
  } else {
    fill(126);
  }
  rect(25, 25, 50, 50);
}
]]></code>
</example>

<example>
<image></image>
<code><![CDATA[
// Click within the image and press
// the left and right mouse buttons to 
// change the value of the rectangle
void draw() {
  rect(25, 25, 50, 50);
}

void mousePressed() {
  if (mouseButton == LEFT) {
    fill(0);
  } else if (mouseButton == RIGHT) {
    fill(255);
  } else {
    fill(126);
  }
}
]]></code>
</example>

<description><![CDATA[
When a mouse button is pressed, the value of the system variable <b>mouseButton</b> is set to either <b>LEFT</b>, <b>RIGHT</b>, or <b>CENTER</b>, depending on which button is pressed. (If no button is pressed, <b>mouseButton</b> may be reset to <b>0</b>. For that reason, it's best to use <b>mousePressed</b> first to test if any button is being pressed, and only then test the value of <b>mouseButton</b>, as shown in the examples above.)
]]></description>

</root>
