<?xml version="1.0" encoding="UTF-8" standalone="yes"?>
<root>
<name>nfc()</name>

<category>Data</category>

<subcategory>String Functions</subcategory>

<type></type>

<example>
<image></image>
<code><![CDATA[
int i = 500000; 
String si = nfc(i);
println(si);  // Prints "500,000"
float f = 42525.34343; 
String fi = nfc(f, 2);
println(fi);  // Prints "42,525.34"

]]></code>
</example>

<example>
<image></image>
<code><![CDATA[
int[] i = { 500000, 4000 }; 
String[] si = nfc(i);
println(si);  // Prints "500,000 4,000"
float[] f = { 42525.34343, 3.14159 }; 
String[] fi = nfc(f, 2);
println(fi);  // Prints "42,525.34 3.14"

]]></code>
</example>

<description><![CDATA[
Utility function for formatting numbers into strings and placing appropriate commas to mark units of 1000. There are four versions: one for formatting ints, one for formatting an array of ints, one for formatting floats, and one for formatting an array of floats.<br />
<br />
The value for the <b>right</b> parameter should always be a positive integer.<br />
<br />
For a non-US locale, this will insert periods instead of commas, or whatever is apprioriate for that region.
]]></description>

</root>
