<?xml version="1.0" encoding="UTF-8" standalone="yes"?>
<root>

<name>null</name>

<category>Structure</category>

<subcategory></subcategory>

<usage>Web &amp; Application</usage>

<example>
<image></image>
<code><![CDATA[
String content = "It is a beautiful day.";
String[] results;  // Declare empty String array

results = match(content, "orange");
// The match statement above will fail to find
// the word "orange" in the String 'content', so
// it will return a null value to 'results'.

if (results == null) {
  println("Value of 'results' is null.");  // This line is printed
} else {
  println("Value of 'results' is not null!");  // This line is not printed
}
]]></code>
</example>

<description><![CDATA[
Special value used to signify the target is not a valid data element. In Processing, you may run across the keyword <b>null</b> when trying to access data which is not there.
]]></description>

<syntax></syntax>

<returns></returns>

<related></related>

<availability>1.0</availability>

<type>keyword</type>

<partof>PDE</partof>

<level>extended</level>

</root>
