<?xml version="1.0" encoding="UTF-8" standalone="yes"?>
<root>
<name>Object</name>

<category>Data</category>

<subcategory>Composite</subcategory>

<usage>Web &amp; Application</usage>

<example>
<image></image>
<code><![CDATA[
// Declare and construct two objects (h1, h2) from the class HLine 
HLine h1 = new HLine(20, 2.0); 
HLine h2 = new HLine(50, 2.5); 
 
void setup() 
{
  size(200, 200);
  frameRate(30);
}

void draw() { 
  background(204);
  h1.update(); 
  h2.update();  
} 
 
class HLine { 
  float ypos, speed; 
  HLine (float y, float s) {  
    ypos = y; 
    speed = s; 
  } 
  void update() { 
    ypos += speed; 
    if (ypos > height) { 
      ypos = 0; 
    } 
    line(0, ypos, width, ypos); 
  } 
} 
]]></code>
</example>

<description><![CDATA[
Objects are instances of classes. A class is a grouping of related methods (functions) and fields (variables and constants).
]]></description>

<syntax>
<c>ClassName</c> <c>instanceName</c>
</syntax>

<parameter>
<label>ClassName</label>
<description><![CDATA[the class from which to create the new object]]></description>
</parameter>

<parameter>
<label>instanceName</label>
<description><![CDATA[the name for the new object]]></description>
</parameter>

<returns></returns>

<related>
class
</related>

<availability>1.0</availability>

<type>Object</type>

<partof>PDE</partof>

</root>
