<?xml version="1.0" encoding="UTF-8" standalone="yes"?>
<root>
<name>PFont</name>

<category>Typography</category>

<subcategory>PFont</subcategory>

<type></type>

<example>
<image>PFont.png</image>
<code><![CDATA[
PFont font;
// The font must be located in the sketch's 
// "data" directory to load successfully
font = createFont("LetterGothicStd.ttf", 32);
textFont(font);
text("word", 10, 50);
]]></code>
</example>

<description><![CDATA[
PFont is the font class for Processing. To create a font to use with Processing, select "Create Font..." from the Tools menu. This will create a font in the format Processing requires and also adds it to the current sketch's data directory. Processing displays fonts using the .vlw font format, which uses images for each letter, rather than defining them through vector data. The <b>loadFont()</b> function constructs a new font and <b>textFont()</b> makes a font active. The <b>list()</b> method creates a list of the fonts installed on the computer, which is useful information to use with the <b>createFont()</b> function for dynamically converting fonts into a format to use with Processing.<br />
<br />
To create a new font dynamically, use the <b>createFont()</b> function. Do not use the syntax <b>new PFont()</b>. 
]]></description>

</root>
