<?xml version="1.0" encoding="UTF-8" standalone="yes"?>
<root>

<name>loadPixels()</name>

<category>PImage</category>

<subcategory>Method</subcategory>

<type></type>

<example>
<image>PImage_loadPixels_.png</image>
<code><![CDATA[
PImage myImage;
int halfImage;

void setup() {
  size(100, 100);
  halfImage = width * height/2;
  myImage = loadImage("apples.jpg");
  myImage.loadPixels();
  for (int i = 0; i < halfImage; i++) {
    myImage.pixels[i+halfImage] = myImage.pixels[i];
  }
  myImage.updatePixels();
}

void draw() {
  image(myImage, 0, 0);
}
]]></code>
</example>

<description><![CDATA[
Loads the pixel data for the image into its <b>pixels[]</b> array. This function must always be called before reading from or writing to <b>pixels[]</b>.
]]></description>

</root>
