<?xml version="1.0" encoding="UTF-8" standalone="yes"?>
<root>

<name>updatePixels()</name>

<category>PImage</category>

<subcategory>Method</subcategory>

<type></type>

<example>
<image>PImage_updatePixels_.png</image>
<code><![CDATA[
PImage myImage;
int halfImage;

void setup() {
  size(100, 100);
  halfImage = width * height/2;
  myImage = loadImage("apples.jpg");
  myImage.loadPixels();
  for (int i = 0; i < halfImage; i++) {
    myImage.pixels[i+halfImage] = myImage.pixels[i];
  }
  myImage.updatePixels();
}

void draw() {
  image(myImage, 0, 0);
}
]]></code>
</example>

<description><![CDATA[
Updates the image with the data in its <b>pixels[]</b> array. Use in conjunction with <b>loadPixels()</b>. If you're only reading pixels from the array, there's no need to call <b>updatePixels()</b>.
]]></description>

</root>
