<?xml version="1.0" encoding="UTF-8" standalone="yes"?>
<root>

<name>filter()</name>

<category>PImage</category>

<subcategory>Method</subcategory>

<type></type>

<example>
<image>PImage_filter_0_threshold.png</image>
<code><![CDATA[
PImage img1, img2;

void setup() {
  size(100, 100);
  img1 = loadImage("apples.jpg");
  img2 = loadImage("apples.jpg");
  img1.filter(THRESHOLD, 0.3);
  img2.filter(THRESHOLD, 0.7);
}

void draw() {
  image(img1, 0, 0);
  image(img2, width/2, 0);
}
]]></code>
</example>

<example>
<image>PImage_filter_1_gray.png</image>
<code><![CDATA[
PImage img1, img2;

void setup() {
  img1 = loadImage("apples.jpg");
  img2 = loadImage("apples.jpg");
  img2.filter(GRAY);
}

void draw() {
  image(img1, 0, 0);
  image(img2, width/2, 0);
}
]]></code>
</example>

<example>
<image>PImage_filter_2_invert.png</image>
<code><![CDATA[
PImage img1, img2;

void setup() {
  img1 = loadImage("apples.jpg");
  img2 = loadImage("apples.jpg");
  img2.filter(INVERT);
}

void draw() {
  image(img1, 0, 0);
  image(img2, width/2, 0);
}
]]></code>
</example>

<example>
<image>PImage_filter_3_posterize.png</image>
<code><![CDATA[
PImage img1, img2;

void setup() {
  img1 = loadImage("apples.jpg");
  img2 = loadImage("apples.jpg");
  img2.filter(POSTERIZE, 4);
}

void draw() {
  image(img1, 0, 0);
  image(img2, width/2, 0);
}
]]></code>
</example>

<example>
<image>PImage_filter_4_blur.png</image>
<code><![CDATA[
PImage img1, img2;

void setup() {
  img1 = loadImage("apples.jpg");
  img2 = loadImage("apples.jpg");
  img2.filter(BLUR, 6);
}

void draw() {
  image(img1, 0, 0);
  image(img2, width/2, 0);
}
]]></code>
</example>

<example>
<image>PImage_filter_5_erode.png</image>
<code><![CDATA[
PImage img1, img2;

void setup() {
  img1 = loadImage("apples.jpg");
  img2 = loadImage("apples.jpg");
  img2.filter(ERODE);
}

void draw() {
  image(img1, 0, 0);
  image(img2, width/2, 0);
}
]]></code>
</example>

<example>
<image>PImage_filter_6_dilate.png</image>
<code><![CDATA[
PImage img1, img2;

void setup() {
  img1 = loadImage("apples.jpg");
  img2 = loadImage("apples.jpg");
  img2.filter(DILATE);
}

void draw() {
  image(img1, 0, 0);
  image(img2, width/2, 0);
}
]]></code>
</example>

<description><![CDATA[
Filters the image as defined by one of the following modes:<br />
<br />
THRESHOLD<br />
Converts the image to black and white pixels depending if they are above or below the threshold defined by the level parameter. The parameter must be between 0.0 (black) and 1.0 (white). If no level is specified, 0.5 is used.<br />
<br />
GRAY<br />
Converts any colors in the image to grayscale equivalents. No parameter is used.<br />
<br />
OPAQUE<br />
Sets the alpha channel to entirely opaque. No parameter is used.<br />
<br />
INVERT<br />
Sets each pixel to its inverse value. No parameter is used.<br />
<br />
POSTERIZE<br />
Limits each channel of the image to the number of colors specified as the parameter. The parameter can be set to values between 2 and 255, but results are most noticeable in the lower ranges.<br />
<br />
BLUR<br />
Executes a Guassian blur with the level parameter specifying the extent of the blurring. If no parameter is used, the blur is equivalent to Guassian blur of radius 1. Larger values increase the blur.<br />
<br />
ERODE<br />
Reduces the light areas. No parameter is used.<br />
<br />
DILATE<br />
Increases the light areas. No parameter is used.
]]></description>

</root>
