<?xml version="1.0" encoding="UTF-8" standalone="yes"?>
<root>

<name>mask()</name>

<category>PImage</category>

<subcategory>Method</subcategory>

<type></type>

<example>
<image>PImage_mask_.png</image>
<code><![CDATA[
PImage photo, maskImage;

void setup() {
  size(100, 100);
  photo = loadImage("test.jpg");
  maskImage = loadImage("mask.jpg");
  photo.mask(maskImage);
}

void draw() {
  image(photo, 0, 0);
  image(photo, width/4, 0);
}
]]></code>
</example>

<description><![CDATA[
Masks part of an image from displaying by loading another image and using it as an alpha channel. This mask image should only contain grayscale data, but only the blue color channel is used. The mask image needs to be the same size as the image to which it is applied.<br />
<br />
In addition to using a mask image, an integer array containing the alpha channel data can be specified directly. This method is useful for creating dynamically generated alpha masks. This array must be of the same length as the target image's pixels array and should contain only grayscale data of values between 0-255.
]]></description>

</root>
