<?xml version="1.0" encoding="UTF-8" standalone="yes"?>
<root>
<name>pmouseX</name>

<category>Input</category>

<subcategory>Mouse</subcategory>

<type>variable</type>

<example>
<image></image>
<code><![CDATA[
// Move the mouse quickly to see the difference 
// between the current and previous position 
void draw() { 
  background(204); 
  line(mouseX, 20, pmouseX, 80); 
  println(mouseX + " : " + pmouseX);
} 
]]></code>
</example>

<description><![CDATA[
The system variable <b>pmouseX</b> always contains the horizontal position of the mouse in the frame previous to the current frame.
<br /><br />
You may find that <b>pmouseX</b> and <b>pmouseY</b> have different values when referenced inside of <b>draw()</b> and inside of mouse events like <b>mousePressed()</b> and <b>mouseMoved()</b>. Inside <b>draw()</b>, <b>pmouseX</b> and <b>pmouseY</b> update only once per frame (once per trip through the <b>draw()</b> loop). But inside mouse events, they update each time the event is called. If these values weren't updated immediately during mouse events, then the mouse position would be read only once per frame, resulting in slight delays and choppy interaction. If the mouse variables were always updated multiple times per frame, then something like <b>line(pmouseX, pmouseY, mouseX, mouseY)</b> inside <b>draw()</b> would have lots of gaps, because <b>pmouseX</b> may have changed several times in between the calls to <b>line()</b>.<br /><br />
If you want values relative to the previous frame, use <b>pmouseX</b> and <b>pmouseY</b> inside <b>draw()</b>. If you want continuous response, use <b>pmouseX</b> and <b>pmouseY</b> inside the mouse event functions.
]]></description>

</root>
