<?xml version="1.0" encoding="UTF-8" standalone="yes"?>
<root>
<name>private</name>

<category>Structure</category>

<subcategory></subcategory>

<usage>Web &amp; Application</usage>

<description><![CDATA[
This keyword is used to disallow other classes access to the fields and methods within a class. The <b>private</b> keyword is used before a field or method that you want to be available only within the class. In Processing, all fields and methods are public unless otherwise specified by the <b>private</b> keyword.<br />
<br />
This keyword is an essential part of Java programming and is not usually used with Processing. Consult a Java language reference or tutorial for more information. 
]]></description>

<related>
public
</related>

<availability>1.0</availability>

<type>Keyword</type>

<level>Extended</level>

<partof>PDE</partof>


</root>
