<?xml version="1.0" encoding="UTF-8" standalone="yes"?>
<root>
<name>resetMatrix()</name>

<category>PShape</category>

<subcategory>Method</subcategory>

<type></type>

<example>
<image></image>
<code><![CDATA[
PShape s;

void setup() {
  size(100, 100);
  s = loadShape("ohio.svg");
  s.rotate(PI/6);
}

void draw() {
  background(204);
  shape(s);
}

void mousePressed() {
  // Removes all transformations applied to shape
  // Loads the identity matrix
  s.resetMatrix();
}
]]></code>
</example>

<description><![CDATA[
Replaces the current matrix of a shape with the identity matrix. The equivalent function in OpenGL is <b>glLoadIdentity()</b>. 
]]></description>

</root>
