<?xml version="1.0" encoding="UTF-8" standalone="yes"?>
<root>
<name>translate()</name>

<category>PShape</category>

<subcategory>Method</subcategory>

<type></type>

<example>
<image></image>
<code><![CDATA[
PShape s;

void setup() {
  s = loadShape("bot.svg");
}

void draw() {
  background(204);
  shape(s);
}

void mousePressed() {
  // Move the shape 10 pixels right each time the mouse is pressed
  s.translate(10, 0);  
}
]]></code>
</example>

<description><![CDATA[
Specifies an amount to displace the shape. The <b>x</b> parameter specifies left/right translation, the <b>y</b> parameter specifies up/down translation, and the <b>z</b> parameter specifies translations toward/away from the screen. Subsequent calls to the method accumulates the effect. For example, calling <b>translate(50, 0)</b> and then <b>translate(20, 0)</b> is the same as <b>translate(70, 0)</b>. This transformation is applied directly to the shape, it's not refreshed each time <b>draw()</b> is run. 
<br /><br />
Using this method with the <b>z</b> parameter requires using the P3D parameter in combination with size. 
]]></description>

</root>
