<?xml version="1.0" encoding="UTF-8" standalone="yes"?>
<root>
<name>PShape</name>

<category>Shape</category>

<subcategory>PShape</subcategory>

<type></type>

<example>
<image></image>
<code><![CDATA[
PShape s;

void setup() {
  size(100, 100);
  // The file "bot.svg" must be in the data folder
  // of the current sketch to load successfully
  s = loadShape("bot.svg");
}

void draw() {
  shape(s, 10, 10, 80, 80);
}
]]></code>
</example>

<example>
<image></image>
<code><![CDATA[
PShape square;  // The PShape object

void setup() {  
  size(100, 100);
  // Creating the PShape as a square. The corner 
  // is 0,0 so that the center is at 40,40 
  square = createShape(RECT, 0, 0, 80, 80);
}

void draw() {
  shape(square, 10, 10);
}
]]></code>
</example>

<description><![CDATA[
Datatype for storing shapes. Before a shape is used, it must be loaded with the <b>loadShape()</b> or created with the <b>createShape()</b>. The <b>shape()</b> function is used to draw the shape to the display window. Processing can currently load and display SVG (Scalable Vector Graphics) and OBJ shapes. OBJ files can only be opened using the <b>P3D</b> renderer. The <b>loadShape()</b> function supports SVG files created with Inkscape and Adobe Illustrator. It is not a full SVG implementation, but offers some straightforward support for handling vector data.
<br /><br />
The <b>PShape</b> object contains a group of methods that can operate on the shape data. Some of the methods are listed below, but the full list used for creating and modifying shapes is <a href="http://processing.github.io/processing-javadocs/core/">available here in the Processing Javadoc</a>.<br />
<br />
To create a new shape, use the <b>createShape()</b> function. Do not use the syntax <b>new PShape()</b>. 
]]></description>

<type>class</type>

</root>
