<?xml version="1.0" encoding="UTF-8" standalone="yes"?>
<root>
<name>isVisible()</name>

<category>PShape</category>

<subcategory>Method</subcategory>

<type></type>

<example>
<image>PShape_isVisible_.png</image>
<code><![CDATA[
PShape s;

void setup() {
  size(100, 100);
  // The file "bot.svg" must be in the data folder
  // of the current sketch to load successfully 
  s = loadShape("bot.svg");
}
void draw() {
  background(204);
  shape(s, 10, 10, 80, 80);  // Draw shape
  s.setVisible(mousePressed);
  if (s.isVisible() == false) {  // Or use: "if (!s.isVisible)"
    noFill();
    rect(10, 10, 80, 80); 
  }
}
]]></code>
</example>

<description><![CDATA[
Returns a boolean value "true" if the image is set to be visible, "false" if not. This value can be modified with the <b>setVisible()</b> method.<br />
<br />
The default visibility of a shape is usually controlled by whatever program created the SVG file. For instance, this parameter is controlled by showing or hiding the shape in the layers palette in Adobe Illustrator.
]]></description>

</root>
