<?xml version="1.0" encoding="UTF-8" standalone="yes"?>
<root>
<name>rotateX()</name>

<category>PShape</category>

<subcategory>Method</subcategory>

<type></type>

<example>
<image></image>
<code><![CDATA[
PShape s;

void setup() {
  size(100, 100, P3D);
  s = loadShape("ohio.svg");
}

void draw() {
  background(204);
  shape(s);
}

void mousePressed() {
  // Rotate the shape around the x-axis each time the mouse is pressed
  s.rotateX(0.1);  
}
]]></code>
</example>

<description><![CDATA[
Rotates the shape around the x-axis the amount specified by the <b>angle</b> parameter. Angles should be specified in radians (values from 0 to TWO_PI) or converted from degrees to radians with the <b>radians()</b> method.
<br /><br />
Shapes are always rotated around the upper-left corner of their bounding box. Positive numbers rotate objects in a clockwise direction. Subsequent calls to the method accumulates the effect. For example, calling <b>rotateX(HALF_PI)</b> and then <b>rotateX(HALF_PI)</b> is the same as <b>rotateX(PI)</b>. This transformation is applied directly to the shape, it's not refreshed each time <b>draw()</b> is run.  
<br /><br />
This method requires a 3D renderer. You need to use P3D as a third parameter for the <b>size()</b> function as shown in the example above.
]]></description>

</root>
