<?xml version="1.0" encoding="UTF-8" standalone="yes"?>
<root>
<name>pushMatrix()</name>

<category>Transform</category>

<subcategory></subcategory>

<type></type>

<example>
<image>pushMatrix_.png</image>
<code><![CDATA[
fill(255);
rect(0, 0, 50, 50);  // White rectangle

pushMatrix();
translate(30, 20);
fill(0);  
rect(0, 0, 50, 50);  // Black rectangle
popMatrix();

fill(100);  
rect(15, 10, 50, 50);  // Gray rectangle
]]></code>
</example>

<description><![CDATA[
Pushes the current transformation matrix onto the matrix stack. Understanding <b>pushMatrix()</b> and <b>popMatrix()</b> requires understanding the concept of a matrix stack. The <b>pushMatrix()</b> function saves the current coordinate system to the stack and <b>popMatrix()</b> restores the prior coordinate system. <b>pushMatrix()</b> and <b>popMatrix()</b> are used in conjuction with the other transformation functions and may be embedded to control the scope of the transformations.
]]></description>

</root>
