<?xml version="1.0" encoding="UTF-8" standalone="yes"?>
<root>

<name>cross()</name>

<category>PVector</category>

<subcategory>Method</subcategory>

<type></type>

<example>
<image></image>
<code><![CDATA[
PVector v1 = new PVector(10, 20, 2);
PVector v2 = new PVector(60, 80, 6); 
PVector v3 = v1.cross(v2);
println(v3);  // Prints "[ -40.0, 60.0, -400.0 ]"
]]></code>
</example>

<description><![CDATA[
Calculates and returns a vector composed of the cross product between two vectors.
]]></description>

</root>
