<?xml version="1.0" encoding="UTF-8" standalone="yes"?>
<root>

<name>div()</name>

<category>PVector</category>

<subcategory>Method</subcategory>

<type></type>

<example>
<image></image>
<code><![CDATA[
PVector v;

void setup() {
  noLoop();
  v = new PVector(30, 60, 0);
}

void draw() {
  ellipse(v.x, v.y, 12, 12);
  v.div(6);
  ellipse(v.x, v.y, 24, 24);
}
]]></code>
</example>

<example>
<image></image>
<code><![CDATA[
PVector v1;

void setup() {
  noLoop();
  v1 = new PVector(30, 60, 0);
}

void draw() {
  ellipse(v1.x, v1.y, 12, 12);
  PVector v2 = PVector.div(v1, 6);
  ellipse(v2.x, v2.y, 24, 24);
}
]]></code>
</example>

<description><![CDATA[
Divides a vector by a scalar.  The version of the method that uses a float acts directly on the vector upon which it is called (as in the first example above).  The version that receives both a PVector and a float as arguments is a static methods, and returns a new PVector that is the result of the division operation.  Both examples above produce the same visual output.
]]></description>





</root>
