<?xml version="1.0" encoding="UTF-8" standalone="yes"?>
<root>
<name>radians()</name>

<category>Math</category>

<subcategory>Trigonometry</subcategory>

<type></type>

<example>
<image></image>
<code><![CDATA[
float deg = 45.0;
float rad = radians(deg);
println(deg + " degrees is " + rad + " radians");
]]></code>
</example>

<description><![CDATA[
Converts a degree measurement to its corresponding value in radians. Radians and degrees are two ways of measuring the same thing. There are 360 degrees in a circle and 2*PI radians in a circle. For example, 90&deg; = PI/2 = 1.5707964. All trigonometric functions in Processing require their parameters to be specified in radians.
]]></description>

</root>
