<?xml version="1.0" encoding="UTF-8" standalone="yes"?>
<root>
<name>requestImage()</name>

<category>Image</category>

<subcategory>Loading &amp; Displaying</subcategory>

<type></type>

<example>
<image></image>
<code><![CDATA[
PImage bigImage;
 
void setup() {
  bigImage = requestImage("something.jpg");
}
 
void draw() {
  if (bigImage.width == 0) {
    // Image is not yet loaded
  } else if (bigImage.width == -1) {
    // This means an error occurred during image loading
  } else {
    // Image is ready to go, draw it
    image(bigImage, 0, 0);
  }
}
]]></code>
</example>


<description><![CDATA[
This function loads images on a separate thread so that your sketch doesn't freeze while images load during <b>setup()</b>. While the image is loading, its width and height will be 0. If an error occurs while loading the image, its width and height will be set to -1. You'll know when the image has loaded properly because its <b>width</b> and <b>height</b> will be greater than 0. Asynchronous image loading (particularly when downloading from a server) can dramatically improve performance.<br />
<br />
The <b>extension</b> parameter is used to determine the image type in cases where the image filename does not end with a proper extension. Specify the extension as the second parameter to <b>requestImage()</b>.
]]></description>

</root>
