<?xml version="1.0" encoding="UTF-8" standalone="yes"?>
<root>
<name>return</name>

<category>Structure</category>

<subcategory></subcategory>

<usage>Web &amp; Application</usage>

<example>
<image></image>
<code><![CDATA[
int val = 30;
 
void draw() {
  int t = timestwo(val);
  println(t);
}

// The first 'int' in the function declaration
// specifies the type of data to be returned.
int timestwo(int dVal) {
  dVal = dVal * 2;
  return dVal;  // Returns an int of 60, in this case
}
]]></code>
</example>

<example>
<image></image>
<code><![CDATA[
int[] vals = {10, 20, 30}; 
  
void draw() { 
  int[] t = timestwo(vals); 
  println(t); 
  noLoop();
} 
 
int[] timestwo(int[] dVals) { 
  for (int i = 0; i < dVals.length; i++) { 
    dVals[i] = dVals[i] * 2; 
  } 
  return dVals;  // Returns an array of 3 ints: 20, 40, 60 
}
]]></code>
</example>

<example>
<image></image>
<code><![CDATA[
void draw() {
  background(204);
  line(0, 0, width, height);
  if (mousePressed) {
    return;  // Break out of draw(), skipping the line statement below
  }
  line(0, height, width, 0);  // Executed only if mouse is not pressed
}
]]></code>
</example>

<description><![CDATA[
Keyword used to indicate the value to return from a function. The value being returned must be the same datatype as defined in the function declaration. Functions declared with <b>void</b> can't return values and shouldn't include a return value.<br />
<br />
The keyword <b>return</b> may also be used to break out of a function, thus not allowing the program to  the remaining statements. (See the third example above.)
]]></description>

<syntax><![CDATA[
<c>type</c> <c>function</c> {
  <c>statements</c>
  return <c>value</c>
}
]]></syntax>

<parameter>
<label>type</label>
<description><![CDATA[boolean, byte, char, int, float, String, boolean[], byte[], char[], int[], float[], or String[]]]></description>
</parameter>

<parameter>
<label>function</label>
<description><![CDATA[the function that is being defined]]></description>
</parameter>

<parameter>
<label>statements</label>
<description><![CDATA[any valid statements]]></description>
</parameter>

<parameter>
<label>value</label>
<description><![CDATA[must be the same datatype as the "type" parameter]]></description>
</parameter>

<returns></returns>

<related>
</related>

<availability>1.0</availability>

<type>Keyword</type>

<partof>PDE</partof>


</root>
