<?xml version="1.0" encoding="UTF-8" standalone="yes"?>
<root>
<name>rotate()</name>

<category>Transform</category>

<subcategory></subcategory>

<type></type>

<example>
<image>rotate_.png</image>
<code><![CDATA[
translate(width/2, height/2);
rotate(PI/3.0);
rect(-26, -26, 52, 52);
]]></code>
</example>

<description><![CDATA[
Rotates the amount specified by the <b>angle</b> parameter. Angles must be specified in radians (values from <b>0</b> to <b>TWO_PI</b>), or they can be converted from degrees to radians with the <b>radians()</b> function. 
<br /> <br />
The coordinates are always rotated around their relative position to the origin. Positive numbers rotate objects in a clockwise direction and negative numbers rotate in the couterclockwise direction. Transformations apply to everything that happens afterward, and subsequent calls to the function compound the effect. For example, calling <b>rotate(PI/2.0)</b> once and then calling <b>rotate(PI/2.0)</b> a second time is the same as a single <b>rotate(PI)</b>. All tranformations are reset when <b>draw()</b> begins again. 
<br /> <br />
Technically, <b>rotate()</b> multiplies the current transformation matrix by a rotation matrix. This function can be further controlled by <b>pushMatrix()</b> and <b>popMatrix()</b>.
]]></description>

</root>
