<?xml version="1.0" encoding="UTF-8" standalone="yes"?>
<root>
<name>rotateY()</name>

<category>Transform</category>

<subcategory></subcategory>

<type></type>

<example>
<image>rotateY_0.png</image>
<code><![CDATA[
size(100, 100, P3D);
translate(width/2, height/2);
rotateY(PI/3.0);
rect(-26, -26, 52, 52);
]]></code>
</example>

<example>
<image>rotateY_1.png</image>
<code><![CDATA[
size(100, 100, P3D);
translate(width/2, height/2);
rotateY(radians(60));
rect(-26, -26, 52, 52);
]]></code>
</example>

<description><![CDATA[
Rotates around the y-axis the amount specified by the <b>angle</b> parameter. Angles should be specified in radians (values from 0 to TWO_PI) or converted from degrees to radians with the <b>radians()</b> function. Coordinates are always rotated around their relative position to the origin. Positive numbers rotate in a clockwise direction and negative numbers rotate in a counterclockwise direction. Transformations apply to everything that happens after and subsequent calls to the function accumulates the effect. For example, calling <b>rotateY(PI/2)</b> and then <b>rotateY(PI/2)</b> is the same as <b>rotateY(PI)</b>. If <b>rotateY()</b> is run within the <b>draw()</b>, the transformation is reset when the loop begins again. This function requires using P3D as a third parameter to <b>size()</b> as shown in the example above. 
]]></description>

</root>
