<?xml version="1.0" encoding="UTF-8" standalone="yes"?>
<root>
<name>selectFolder()</name>

<category>Input</category>

<subcategory>Files</subcategory>

<type></type>

<example>
<image></image>
<code><![CDATA[
void setup() {
  selectFolder("Select a folder to process:", "folderSelected");
}

void folderSelected(File selection) {
  if (selection == null) {
    println("Window was closed or the user hit cancel.");
  } else {
    println("User selected " + selection.getAbsolutePath());
  }
}
]]></code>
</example>


<description><![CDATA[
Opens a platform-specific file chooser dialog to select a folder. After the selection is made, the selection will be passed to the 'callback' function. If the dialog is closed or canceled, null will be sent to the function, so that the program is not waiting for additional input. The callback is necessary because of how threading works.
]]></description>

</root>
