<?xml version="1.0" encoding="UTF-8" standalone="yes"?>
<root>
<name>shearX()</name>

<category>Transform</category>

<subcategory></subcategory>

<type></type>

<example>
<image>shearX_.png</image>
<code><![CDATA[
size(100, 100);
translate(width/4, height/4);
shearX(PI/4.0);
rect(0, 0, 30, 30);
]]></code>
</example>

<description><![CDATA[
Shears a shape around the x-axis the amount specified by the <b>angle</b> parameter. Angles should be specified in radians (values from 0 to PI*2) or converted to radians with the <b>radians()</b> function. Objects are always sheared around their relative position to the origin and positive numbers shear objects in a clockwise direction. Transformations apply to everything that happens after and subsequent calls to the function accumulates the effect. For example, calling <b>shearX(PI/2)</b> and then <b>shearX(PI/2)</b> is the same as <b>shearX(PI)</b>. If <b>shearX()</b> is called within the <b>draw()</b>, the transformation is reset when the loop begins again.
<br /> <br />
Technically, <b>shearX()</b> multiplies the current transformation matrix by a rotation matrix. This function can be further controlled by the <b>pushMatrix()</b> and <b>popMatrix()</b> functions.
]]></description>

</root>
