<?xml version="1.0" encoding="UTF-8" standalone="yes"?>
<root>
<name>splitTokens()</name>

<category>Data</category>

<subcategory>String Functions</subcategory>

<type></type>

<example>
<image></image>
<code><![CDATA[
String t = "a b";
String[] q = splitTokens(t);
println(q[0]);  // Prints "a"
println(q[1]);  // Prints "b"
]]></code>
</example>

<example>
<image></image>
<code><![CDATA[
// Despite the bad formatting, the data is parsed correctly.
// The ", " as delimiter means to break whenever a comma *or*
// a space is found in the String. Unlike the split() function, 
// multiple adjacent delimiters are treated as a single break.
String s = "a, b c ,,d "; 
String[] q = splitTokens(s, ", ");
println(q.length + " values found");  // Prints "4 values found"
println(q[0]);  // Prints "a"
println(q[1]);  // Prints "b"
println(q[2]);  // Prints "c"
println(q[3]);  // Prints "d"
]]></code>
</example>

<description><![CDATA[
The <b>splitTokens()</b> function splits a String at one or many character delimiters or "tokens." The <b>delim</b> parameter specifies the character or characters to be used as a boundary.<br />
<br />
If no <b>delim</b> characters are specified, any whitespace character is used to split. Whitespace characters include tab (&#92;t), line feed (&#92;n), carriage return (&#92;r), form feed (&#92;f), and space.<br />
<br />
After using this function to parse incoming data, it is common to convert the data from Strings to integers or floats by using the datatype conversion functions <b>int()</b> and <b>float()</b>.
]]></description>

</root>
