<?xml version="1.0" encoding="UTF-8" standalone="yes"?>
<root>
<name>sq()</name>

<category>Math</category>

<subcategory>Calculation</subcategory>

<type></type>

<example>
<image>sq_.png</image>
<code><![CDATA[
noStroke();
float a = sq(1);   // Sets 'a' to 1
float b = sq(-5);  // Sets 'b' to 25
float c = sq(9);   // Sets 'c' to 81
rect(0, 25, a, 10);
rect(0, 45, b, 10);
rect(0, 65, c, 10);
]]></code>
</example>

<description><![CDATA[
Squares a number (multiplies a number by itself). The result is always a positive number, as multiplying two negative numbers always yields a positive result. For example, -1 * -1 = 1.
]]></description>

</root>
