<?xml version="1.0" encoding="UTF-8" standalone="yes"?>
<root>
<name>sqrt()</name>

<category>Math</category>

<subcategory>Calculation</subcategory>

<type></type>

<example>
<image>sqrt_.png</image>
<code><![CDATA[
noStroke();
float a = sqrt(6561);  // Sets 'a' to 81
float b = sqrt(625);   // Sets 'b' to 25
float c = sqrt(1);     // Sets 'c' to 1
rect(0, 25, a, 10);
rect(0, 45, b, 10);
rect(0, 65, c, 10);
]]></code>
</example>

<description><![CDATA[
Calculates the square root of a number. The square root of a number is always positive, even though there may be a valid negative root. The square root <b>s</b> of number <b>a</b> is such that <b>s*s = a</b>. It is the opposite of squaring.
]]></description>

</root>
