<?xml version="1.0" encoding="UTF-8" standalone="yes"?>
<root>

<name>charAt()</name>

<category>String</category>

<subcategory>Method</subcategory>

<usage>Web &amp; Application</usage>

<example>
<image></image>
<code><![CDATA[
String str = "CCCP";
char c1 = str.charAt(0);
char c2 = str.charAt(1);
char c3 = str.charAt(str.length()-1);
println(c1 + ":" + c2 + ":" + c3);  // Prints "C:C:P"
]]></code>
</example>

<description><![CDATA[
Returns the character at the specified index. An index ranges from 0 to the length of the string minus 1. The first character of the sequence is at index 0, the next at index 1, etc. 
]]></description>

<syntax>
<c>str</c>.charAt(<c>index</c>)
</syntax>

<parameter>
<label>str</label>
<description><![CDATA[String: any variable of type String]]></description>
</parameter>

<parameter>
<label>index</label>
<description><![CDATA[int: the index of the character]]></description>
</parameter>

<returns>char</returns>

<related>
</related>

<availability>1.0</availability>

<type>Method</type>

<partof>Core</partof>


</root>
