<?xml version="1.0" encoding="UTF-8" standalone="yes"?>
<root>

<name>clear()</name>

<category>StringList</category>

<subcategory>Method</subcategory>

<type>method</type>

<example>
<image></image>
<code><![CDATA[
StringList inventory;

void setup() {
  size(200, 200);
  inventory = new StringList();
  inventory.append("coffee");
  inventory.append("flour");
  inventory.append("tea");
  println(inventory);
  inventory.clear();
  println(inventory);
}

]]></code>
</example>

<description><![CDATA[
Remove all entries from the list.
]]></description>

</root>
