<?xml version="1.0" encoding="UTF-8" standalone="yes"?>
<root>
<name>strokeJoin()</name>

<category>Shape</category>

<subcategory>Attributes</subcategory>

<type></type>

<example>
<image>strokeJoin_0.png</image>
<code><![CDATA[
noFill();
strokeWeight(10.0);
strokeJoin(MITER);
beginShape();
vertex(35, 20);
vertex(65, 50);
vertex(35, 80);
endShape();
]]></code>
</example>

<example>
<image>strokeJoin_1.png</image>
<code><![CDATA[
noFill();
strokeWeight(10.0);
strokeJoin(BEVEL);
beginShape();
vertex(35, 20);
vertex(65, 50);
vertex(35, 80);
endShape();
]]></code>
</example>

<example>
<image>strokeJoin_2.png</image>
<code><![CDATA[
noFill();
strokeWeight(10.0);
strokeJoin(ROUND);
beginShape();
vertex(35, 20);
vertex(65, 50);
vertex(35, 80);
endShape();
]]></code>
</example>

<description><![CDATA[
Sets the style of the joints which connect line segments. These joints are either mitered, beveled, or rounded and specified with the corresponding parameters MITER, BEVEL, and ROUND. The default joint is MITER. 
]]></description>

</root>
