<?xml version="1.0" encoding="UTF-8" standalone="yes"?>
<root>

<name>super</name>

<category>Structure</category>

<subcategory></subcategory>

<usage>Web &amp; Application</usage>

<example>
<image></image>
<code><![CDATA[
// This example is a code fragment;
// it will not compile on its own.

// Create the DragDrop subclass from
// the Button class. Button becomes
// the superclass of DragDrop.
class DragDrop extends Button {
  int xoff, yoff;
  DragDrop(int x, int y) {
    // Runs the superclass' constructor
    super(x, y);
  }
  void press(int mx, int my) {
    // Runs the superclass' press() method
    super.press();  
    xoff = mx;
    yoff = my;  
  }
}

]]></code>
</example>

<description><![CDATA[
Keyword used to reference the superclass of a subclass.
]]></description>

<syntax></syntax>

<returns></returns>

<related>
class
extends
</related>

<availability>1.0</availability>

<type>Keyword</type>

<partof>PDE</partof>



</root>
