<?xml version="1.0" encoding="UTF-8" standalone="yes"?>
<root>

<name>TableRow</name>

<category>Data</category>

<subcategory>Composite</subcategory>

<type></type>

<example>
<image></image>
<code><![CDATA[
Table table;

void setup() {

  table = new Table();
  
  table.addColumn("number", Table.INT);
  table.addColumn("mass", Table.FLOAT);
  table.addColumn("name", Table.STRING);
  
  TableRow row = table.addRow();
  row.setInt("number", 8);
  row.setFloat("mass", 15.9994);
  row.setString("name", "Oxygen");
  
  println(row.getInt("number"));   // Prints 8
  println(row.getFloat("mass"));   // Prints 15.9994
  println(row.getString("name"));  // Prints "Oxygen
}
]]></code>
</example>

<description><![CDATA[
A <b>TableRow</b> object represents a single row of data values, stored in columns, from a table.<br />
<br />
Additional <b>TableRow</b> methods are documented in the <a href="http://processing.github.io/processing-javadocs/core/">Processing Data Javadoc</a>.
]]></description>


<type>class</type>

</root>
