<?xml version="1.0" encoding="UTF-8" standalone="yes"?>
<root>

<name>addColumn()</name>

<category>Table</category>

<subcategory>Method</subcategory>

<type>method</type>

<example>
<image></image>
<code><![CDATA[
Table table;

void setup() {

  table = new Table();
  
  table.addColumn("name");
  table.addColumn("age", Table.INT);
  table.addColumn("height", Table.FLOAT);
  
  TableRow newRow = table.addRow();
  newRow.setString("name", "Jermaine");
  newRow.setInt("age", 15);
  newRow.setFloat("height", 4.567);
  
  saveTable(table, "data/new.csv");
}

// Sketch saves the following to a file called "new.csv":
// name,age,height
// Jermaine,15,4.567
]]></code>
</example>

<description><![CDATA[
Use <b>addColumn()</b> to add a new column to a <b>Table</b> object.  Typically, you will want to specify a title, so the column may be easily referenced later by name.  (If no title is specified, the new column's title will be null.)  A column type may also be specified, in which case all values stored in this column must be of the same type (e.g., Table.INT or Table.FLOAT).  If no type is specified, the default type of STRING is used.
]]></description>

</root>
