<?xml version="1.0" encoding="UTF-8" standalone="yes"?>
<root>

<name>removeRow()</name>

<category>Table</category>

<subcategory>Method</subcategory>

<type>method</type>

<example>
<image></image>
<code><![CDATA[
Table table;

void setup() {

  table = new Table();
  
  table.addColumn("name");
  table.addColumn("type");

  TableRow newRow = table.addRow();
  newRow.setString("name", "Lion");
  newRow.setString("type", "Mammal");
  println(table.getRowCount());  // Prints 1

  table.removeRow(0);  // Removes the first row
  println(table.getRowCount());  // Prints 0
}
]]></code>
</example>

<description><![CDATA[
Removes a row from a <b>Table</b> object.
]]></description>

</root>
