<?xml version="1.0" encoding="UTF-8" standalone="yes"?>
<root>

<name>rows()</name>

<category>Table</category>

<subcategory>Method</subcategory>

<type>method</type>

<example>
<image></image>
<code><![CDATA[
Table table;

void setup() {

  table = new Table();

  table.addColumn("name");
  table.addColumn("type");

  TableRow newRow = table.addRow();
  newRow.setString("name", "Lion");
  newRow.setString("type", "Mammal");

  newRow = table.addRow();
  newRow.setString("name", "Snake");
  newRow.setString("type", "Reptile");

  newRow = table.addRow();
  newRow.setString("name", "Mosquito");
  newRow.setString("type", "Insect");

  for (TableRow row : table.rows()) {
    println(row.getString("name") + ": " + row.getString("type"));
  }
}

// Sketch prints:
// Lion: Mammal
// Snake: Reptile
// Mosquito: Insect
]]></code>
</example>

<description><![CDATA[
Gets all rows from the table.  Returns an iterator, so <b>for</b> must be used to iterate through all the rows, as shown in the example above.
]]></description>

</root>
