<?xml version="1.0" encoding="UTF-8" standalone="yes"?>
<root>
<name>textDescent()</name>

<category>Typography</category>

<subcategory>Metrics</subcategory>

<type></type>

<example>
<image>textDescent_.png</image>
<code><![CDATA[
float base = height * 0.75;
float scalar = 0.8; // Different for each font

textSize(32);  // Set initial text size
float a = textDescent() * scalar;  // Calc ascent
line(0, base+a, width, base+a);
text("dp", 0, base);  // Draw text on baseline

textSize(64);  // Increase text size
a = textDescent() * scalar;  // Recalc ascent
line(40, base+a, width, base+a);
text("dp", 40, base);  // Draw text on baseline
]]></code>
</example>

<description><![CDATA[
Returns descent of the current font at its current size. This information is useful for determining the height of the font below the baseline.
]]></description>

</root>
