<?xml version="1.0" encoding="UTF-8" standalone="yes"?>
<root>
<name>triangle()</name>

<category>Shape</category>

<subcategory>2D Primitives</subcategory>

<type></type>

<example>
<image>triangle_.png</image>
<code><![CDATA[
triangle(30, 75, 58, 20, 86, 75);
]]></code>
</example>

<description><![CDATA[
A triangle is a plane created by connecting three points. The first two arguments specify the first point, the middle two arguments specify the second point, and the last two arguments specify the third point. 
]]></description>

</root>
