<?xml version="1.0" encoding="UTF-8" standalone="yes"?>
<root>
<name>trim()</name>

<category>Data</category>

<subcategory>String Functions</subcategory>

<type></type>

<example>
<image></image>
<code><![CDATA[
String s1 = "    Somerville MA ";
println(s1);  // Prints "    Somerville MA "
String s2 = trim(s1);
println(s2);  // Prints "Somerville MA"

String[] a1 = { " inconsistent ", " spacing" };  // Note spaces
String[] a2 = trim(a1);
printArray(a2);
// Prints the following array contents to the console:
// [0] "inconsistent"
// [1] "spacing"
]]></code>
</example>

<description><![CDATA[
Removes whitespace characters from the beginning and end of a String. In addition to standard whitespace characters such as space, carriage return, and tab, this function also removes the Unicode "nbsp" character.
]]></description>

</root>
