<?xml version="1.0" encoding="UTF-8" standalone="yes"?>
<root>
<name>true</name>

<category>Structure</category>

<subcategory></subcategory>

<usage>Web &amp; Application</usage>

<example>
<image></image>
<code><![CDATA[
rect(30, 20, 50, 50);
boolean b = true;
if (b == true) {
  line(20, 10, 90, 80);  // This line is drawn
} else {
  line(20, 80, 90, 10);  // This line is not drawn
}
]]></code>
</example>

<description><![CDATA[
Reserved word representing the logical value "true". Only variables of type <b>boolean</b> may be assigned the value <b>true</b>.
]]></description>

<syntax></syntax>

<returns></returns>

<related>
false
boolean
</related>

<availability>1.0</availability>

<type>Keyword</type>

<partof>PDE</partof>


</root>
