<?xml version="1.0" encoding="UTF-8" standalone="yes"?>
<root>
<name>vertex()</name>

<category>Shape</category>

<subcategory>Vertex</subcategory>

<type></type>

<example>
<image>vertex_0.png</image>
<code><![CDATA[
beginShape(POINTS);
vertex(30, 20);
vertex(85, 20);
vertex(85, 75);
vertex(30, 75);
endShape();
]]></code>
</example>

<example>
<image>vertex_1.png</image>
<code><![CDATA[
// Drawing vertices in 3D requires P3D
// as a parameter to size()
size(100, 100, P3D);
beginShape(POINTS);
vertex(30, 20, -50);
vertex(85, 20, -50);
vertex(85, 75, -50);
vertex(30, 75, -50);
endShape();
]]></code>
</example>

<example>
<image>vertex_2.png</image>
<code><![CDATA[
size(100, 100, P3D);
PImage img = loadImage("laDefense.jpg");
noStroke();
beginShape();
texture(img);
// "laDefense.jpg" is 100x100 pixels in size so
// the values 0 and 100 are used for the
// parameters "u" and "v" to map it directly
// to the vertex points
vertex(10, 20, 0, 0);
vertex(80, 5, 100, 0);
vertex(95, 90, 100, 100);
vertex(40, 95, 0, 100);
endShape();
]]></code>
</example>

<description><![CDATA[
All shapes are constructed by connecting a series of vertices. <b>vertex()</b> is used to specify the vertex coordinates for points, lines, triangles, quads, and polygons. It is used exclusively within the <b>beginShape()</b> and <b>endShape()</b> functions.
<br /><br />
Drawing a vertex in 3D using the <b>z</b> parameter requires the P3D parameter in combination with size, as shown in the above example.
<br /><br />
This function is also used to map a texture onto geometry. The <b>texture()</b> function declares the texture to apply to the geometry and the <b>u</b> and <b>v</b> coordinates set define the mapping of this texture to the form. By default, the coordinates used for <b>u</b> and <b>v</b> are specified in relation to the image's size in pixels, but this relation can be changed with <b>textureMode()</b>.
]]></description>

</root>
