<?xml version="1.0" encoding="UTF-8" standalone="yes"?>
<root>

<name>listChildren()</name>

<category>XMLElement</category>

<subcategory>Method</subcategory>

<type></type>

<example>
<image></image>
<code><![CDATA[
// The following short XML file called "mammals.xml" is parsed 
// in the code below. It must be in the project's "data" folder.
//
// &lt;?xml version=&quot;1.0&quot;?&gt;
// &lt;mammals&gt;
//   &lt;animal id=&quot;0&quot; species=&quot;Capra hircus&quot;&gt;Goat&lt;/animal&gt;
//   &lt;animal id=&quot;1&quot; species=&quot;Panthera pardus&quot;&gt;Leopard&lt;/animal&gt;
//   &lt;animal id=&quot;2&quot; species=&quot;Equus zebra&quot;&gt;Zebra&lt;/animal&gt;
// &lt;/mammals&gt;

XML xml;

void setup() {
  xml = loadXML("mammals.xml");
  println(xml.listChildren());
}

// Sketch prints:
// [0] "#text"
// [1] "animal"
// [2] "#text"
// [3] "animal"
// [4] "#text"
// [5] "animal"
// [6] "#text"
]]></code>
</example>

<description><![CDATA[
Get the names of all of the element's children, and returns the names as an array of Strings.  This is the same as looping through and calling getName() on each child element individually.
]]></description>

</root>
