<?xml version="1.0" encoding="UTF-8" standalone="yes"?>
<root>
<name>year()</name>

<category>Input</category>

<subcategory>Time &amp; Date</subcategory>

<type></type>

<example>
<image></image>
<code><![CDATA[
int d = day();    // Values from 1 - 31
int m = month();  // Values from 1 - 12
int y = year();   // 2003, 2004, 2005, etc.

String s = String.valueOf(d);
text(s, 10, 28);
s = String.valueOf(m);
text(s, 10, 56); 
s = String.valueOf(y);
text(s, 10, 84);
]]></code>
</example>

<description><![CDATA[
Processing communicates with the clock on your computer. The <b>year()</b> function returns the current year as an integer (2003, 2004, 2005, etc).
]]></description>

</root>
